County Name,County Code Number,County Code,State FIPS Code ,County FIPS Code,Population,Population MOE,Uninsured,Uninsured MOE,Uninsured Pct,Uninsured Pct MOE,Population - Under 18 years,Population - Under 18 years MOE,Population - Under 18 years - Uninsured,Population - Under 18 years - Uninsured MOE,Population - Under 18 years - Uninsured Pct,Population - Under 18 years - Uninsured Pct MOE,Population - 18 to 64 years,Population - 18 to 64 years MOE,Population - 18 to 64 years - Uninsured,Population - 18 to 64 years - Uninsured MOE,Population - 18 to 64 years - Uninsured Pct,Population - 18 to 64 years - Uninsured Pct MOE,Population - 65 years and older,Population - 65 years and older MOE,Population - 65 years and older - Uninsured,Population - 65 years and older - Uninsured MOE,Population - 65 years and older - Uninsured Pct,Population - 65 years and older - Uninsured Pct MOE,Population - 19 to 25 years,Population - 19 to 25 years MOE,Population - 19 to 25 years - Uninsured,Population - 19 to 25 years - Uninsured MOE,Population - 19 to 25 years - Uninsured Pct,Population - 19 to 25 years - Uninsured Pct MOE,Male,Male MOE,Male - Uninsured,Male - Uninsured MOE,Male - Uninsured Pct,Male - Uninsured Pct MOE,Female,Female MOE,Female - Uninsured,Female - Uninsured MOE,Female - Uninsured Pct,Female - Uninsured Pct MOE,Race - One Race,Race - One Race MOE,Race - One Race - Uninsured,Race - One Race - Uninsured MOE,Race - One Race - Uninsured Pct,Race - One Race - Uninsured Pct MOE,Race - One Race - White,Race - One Race - White MOE,Race - One Race - White - Uninsured,Race - One Race - White - Uninsured MOE,Race - One Race - White - Uninsured Pct,Race - One Race - White - Uninsured Pct MOE,Race - One Race - Black or African American,Race - One Race - Black or African American MOE,Race - One Race - Black or African American - Uninsured,Race - One Race - Black or African American - Uninsured MOE,Race - One Race - Black or African American - Uninsured Pct,Race - One Race - Black or African American - Uninsured Pct MOE,Race - One Race - American Indian and Alaska Native,Race - One Race - American Indian and Alaska Native MOE,Race - One Race - American Indian and Alaska Native - Uninsured,Race - One Race - American Indian and Alaska Native - Uninsured MOE,Race - One Race - American Indian and Alaska Native - Uninsured Pct,Race - One Race - American Indian and Alaska Native - Uninsured Pct MOE,Race - One Race - Asian,Race - One Race - Asian MOE,Race - One Race - Asian - Uninsured,Race - One Race - Asian - Uninsured MOE,Race - One Race - Asian - Uninsured Pct,Race - One Race - Asian - Uninsured Pct MOE,Race - One Race - Native Hawaiian and Other Pacific Islander,Race - One Race - Native Hawaiian and Other Pacific Islander MOE,Race - One Race - Native Hawaiian and Other Pacific Islander - Uninsured,Race - One Race - Native Hawaiian and Other Pacific Islander - Uninsured MOE,Race - One Race - Native Hawaiian and Other Pacific Islander - Uninsured Pct,Race - One Race - Native Hawaiian and Other Pacific Islander - Uninsured Pct MOE,Race - One Race - Some other race,Race - One Race - Some other race MOE,Race - One Race - Some other race - Uninsured,Race - One Race - Some other race - Uninsured MOE,Race - One Race - Some other race - Uninsured Pct,Race - One Race - Some other race - Uninsured Pct MOE,Race - Two or more races,Race - Two or more races MOE,Race - Two or more races - Uninsured,Race - Two or more races - Uninsured MOE,Race - Two or more races - Uninsured Pct,Race - Two or more races - Uninsured Pct MOE,"White, not Hispanic or Latino","White, not Hispanic or Latino MOE","White, not Hispanic or Latino - Uninsured","White, not Hispanic or Latino - Uninsured MOE","White, not Hispanic or Latino - Uninsured Pct","White, not Hispanic or Latino - Uninsured Pct MOE",Hispanic or Latino (of any race),Hispanic or Latino (of any race) MOE,Hispanic or Latino (of any race) - Uninsured,Hispanic or Latino (of any race) - Uninsured MOE,Hispanic or Latino (of any race) - Uninsured Pct,Hispanic or Latino (of any race) - Uninsured Pct MOE,Household Income,Household Income MOE,Household Income - Uninsured,Household Income - Uninsured MOE,Household Income - Uninsured Pct,Household Income - Uninsured Pct MOE,"Household Income - Under $25,000","Household Income - Under $25,000 MOE","Household Income - Under $25,000 - Uninsured","Household Income - Under $25,000 - Uninsured MOE","Household Income - Under $25,000 - Uninsured Pct","Household Income - Under $25,000 - Uninsured Pct MOE","Household Income - $25,000 to $49,999","Household Income - $25,000 to $49,999 MOE","Household Income - $25,000 to $49,999 - Uninsured","Household Income - $25,000 to $49,999 - Uninsured MOE","Household Income - $25,000 to $49,999 - Uninsured Pct","Household Income - $25,000 to $49,999 - Uninsured Pct MOE","Household Income - $50,000 to $74,999","Household Income - $50,000 to $74,999 MOE","Household Income - $50,000 to $74,999 - Uninsured","Household Income - $50,000 to $74,999 - Uninsured MOE","Household Income - $50,000 to $74,999 - Uninsured Pct","Household Income - $50,000 to $74,999 - Uninsured Pct MOE","Household Income - $75,000 to $99,999","Household Income - $75,000 to $99,999 MOE","Household Income - $75,000 to $99,999 - Uninsured","Household Income - $75,000 to $99,999 - Uninsured MOE","Household Income - $75,000 to $99,999 - Uninsured Pct","Household Income - $75,000 to $99,999 - Uninsured Pct MOE","Household Income - $100,000 and over","Household Income - $100,000 and over MOE","Household Income - $100,000 and over - Uninsured","Household Income - $100,000 and over - Uninsured MOE","Household Income - $100,000 and over - Uninsured Pct","Household Income - $100,000 and over - Uninsured Pct MOE",Ratio of Income to Poverty Level,Ratio of Income to Poverty Level MOE,Ratio of Income to Poverty Level - Uninsured,Ratio of Income to Poverty Level - Uninsured MOE,Ratio of Income to Poverty Level - Uninsured Pct,Ratio of Income to Poverty Level - Uninsured Pct MOE,Ratio of Income to Poverty Level - Under 1.38 of poverty,Ratio of Income to Poverty Level - Under 1.38 of poverty MOE,Ratio of Income to Poverty Level - Under 1.38 of poverty - Uninsured,Ratio of Income to Poverty Level - Under 1.38 of poverty - Uninsured MOE,Ratio of Income to Poverty Level - Under 1.38 of poverty - Uninsured Pct,Ratio of Income to Poverty Level - Under 1.38 of poverty - Uninsured Pct MOE,Ratio of Income to Poverty Level - 1.38 to 1.99 of poverty,Ratio of Income to Poverty Level - 1.38 to 1.99 of poverty MOE,Ratio of Income to Poverty Level - 1.38 to 1.99 of poverty - Uninsured,Ratio of Income to Poverty Level - 1.38 to 1.99 of poverty - Uninsured MOE,Ratio of Income to Poverty Level - 1.38 to 1.99 of poverty - Uninsured Pct,Ratio of Income to Poverty Level - 1.38 to 1.99 of poverty - Uninsured Pct MOE,Ratio of Income to Poverty Level - 2.00 of poverty and over,Ratio of Income to Poverty Level - 2.00 of poverty and over MOE,Ratio of Income to Poverty Level - 2.00 of poverty and over - Uninsured,Ratio of Income to Poverty Level - 2.00 of poverty and over - Uninsured MOE,Ratio of Income to Poverty Level - 2.00 of poverty and over - Uninsured Pct,Ratio of Income to Poverty Level - 2.00 of poverty and over - Uninsured Pct MOE,Location 1
Adams,1,01,42,001,"100,245",310,"9,386",733,9.4%,0.7%,"21,620",84,"1,258",314,5.8%,1.4%,"62,211",243,"8,085",577,13%,0.9%,"16,414",171,43,32,0.3%,0.2%,"9,060",238,"1,610",314,17.8%,3.5%,"49,391",300,"5,022",454,10.2%,0.9%,"50,854",191,"4,364",417,8.6%,0.8%,"98,249",547,"9,089",711,9.3%,0.7%,"92,628",541,"7,380",608,8%,0.7%,"1,468",177,148,73,10.1%,5.1%,148,87,23,34,15.5%,15.8%,710,94,164,104,23.1%,12.9%,0,24,0,24,,,"3,295",475,"1,374",386,41.7%,9.8%,"1,996",424,297,136,14.9%,5.7%,"90,361",270,"6,935",613,7.7%,0.7%,"6,349",56,"1,940",384,30.6%,6%,"97,279",488,"9,221",748,9.5%,0.8%,"12,102",838,"2,275",468,18.8%,3.4%,"19,670","1,013","2,635",395,13.4%,1.8%,"22,400","1,095","2,196",374,9.8%,1.6%,"16,748","1,072",899,221,5.4%,1.3%,"26,359","1,152","1,216",269,4.6%,1%,"97,107",512,"9,207",721,9.5%,0.7%,"15,510","1,131","3,709",502,23.9%,2.6%,"9,511",830,"1,833",345,19.3%,2.9%,"72,086","1,233","3,665",350,5.1%,0.5%,"(39.8720956503, -77.2222427076)"
Allegheny,2,02,42,003,"1,214,370","1,594","90,813","2,423",7.5%,0.2%,"237,063",128,"5,984",606,2.5%,0.3%,"776,528","1,354","84,382","2,183",10.9%,0.3%,"200,779",671,447,147,0.2%,0.1%,"121,251","1,231","16,877",897,13.9%,0.7%,"582,118","1,317","51,333","1,552",8.8%,0.3%,"632,252",692,"39,480","1,312",6.2%,0.2%,"1,186,997","2,038","88,351","2,500",7.4%,0.2%,"986,695","1,209","64,715","2,112",6.6%,0.2%,"155,550","1,400","19,313","1,268",12.4%,0.8%,"1,646",210,276,98,16.8%,5.7%,"38,001",622,"3,318",525,8.7%,1.4%,302,66,51,38,16.9%,11.4%,"4,803",624,678,186,14.1%,3.8%,"27,373","1,415","2,462",384,9%,1.3%,"973,070",912,"62,936","2,073",6.5%,0.2%,"20,998",154,"2,457",374,11.7%,1.8%,"1,192,995","1,907","90,048","2,407",7.5%,0.2%,"210,015","3,751","29,817","1,378",14.2%,0.6%,"238,964","4,348","27,473","1,180",11.5%,0.4%,"216,519","4,325","16,208","1,116",7.5%,0.5%,"173,419","4,311","8,449",766,4.9%,0.4%,"354,078","4,470","8,101",821,2.3%,0.2%,"1,195,299","1,862","90,289","2,388",7.6%,0.2%,"224,021","4,357","36,108","1,531",16.1%,0.6%,"118,386","3,464","15,454","1,044",13.1%,0.7%,"852,892","4,917","38,727","1,671",4.5%,0.2%,"(40.4673554298, -79.9861984282)"
Armstrong,3,03,42,005,"67,808",137,"5,748",459,8.5%,0.7%,"13,638",24,439,121,3.2%,0.9%,"41,293",86,"5,294",415,12.8%,1%,"12,877",121,15,13,0.1%,0.1%,"4,617",137,856,134,18.5%,2.9%,"33,629",105,"2,905",264,8.6%,0.8%,"34,179",142,"2,843",268,8.3%,0.8%,"67,293",172,"5,714",455,8.5%,0.7%,"66,379",197,"5,637",451,8.5%,0.7%,584,90,44,34,7.5%,5.7%,21,16,0,24,0%,56.8%,130,40,22,21,16.9%,12.1%,0,24,0,24,,,179,123,11,10,6.1%,7.2%,515,85,34,24,6.6%,4.2%,"66,180",155,"5,612",449,8.5%,0.7%,411,15,33,24,8%,5.9%,"67,481",181,"5,722",458,8.5%,0.7%,"12,568",621,"1,713",256,13.6%,1.9%,"17,458",921,"1,977",277,11.3%,1.3%,"14,565",963,997,168,6.8%,1%,"10,230",803,540,170,5.3%,1.6%,"12,660",884,495,143,3.9%,1.1%,"67,530",167,"5,747",459,8.5%,0.7%,"14,091",766,"2,318",313,16.5%,1.9%,"8,229",591,953,170,11.6%,1.9%,"45,210",902,"2,476",307,5.5%,0.7%,"(40.8150952555, -79.4731689893)"
Beaver,4,04,42,007,"168,629",222,"12,481",843,7.4%,0.5%,"34,004",20,987,215,2.9%,0.6%,"102,861",186,"11,464",783,11.1%,0.8%,"31,764",188,30,35,0.1%,0.1%,"13,245",348,"2,225",219,16.8%,1.7%,"81,530",190,"6,704",471,8.2%,0.6%,"87,099",184,"5,777",536,6.6%,0.6%,"165,135",418,"12,204",833,7.4%,0.5%,"153,530",285,"10,471",722,6.8%,0.5%,"10,017",383,"1,457",262,14.5%,2.6%,151,147,21,20,13.9%,17.9%,929,91,141,96,15.2%,10.5%,19,20,11,16,57.9%,57.9%,489,154,103,106,21.1%,19.3%,"3,494",359,277,104,7.9%,2.8%,"152,112",227,"10,407",722,6.8%,0.5%,"2,222",14,179,112,8.1%,5.1%,"166,808",385,"12,419",848,7.4%,0.5%,"28,214","1,342","3,429",457,12.2%,1.5%,"38,390","1,624","3,949",445,10.3%,1.1%,"33,411","1,800","2,494",423,7.5%,1.2%,"27,674","1,519","1,257",255,4.5%,0.9%,"39,119","1,475","1,290",258,3.3%,0.6%,"167,217",375,"12,440",844,7.4%,0.5%,"29,733","1,332","4,154",461,14%,1.4%,"18,903","1,200","2,239",339,11.8%,1.7%,"118,581","1,605","6,047",509,5.1%,0.4%,"(40.6834924548, -80.3510735648)"
Bedford,5,05,42,009,"48,771",131,"5,487",438,11.3%,0.9%,"10,411",32,876,192,8.4%,1.9%,"28,921",76,"4,575",345,15.8%,1.2%,"9,439",122,36,26,0.4%,0.3%,"3,439",119,998,125,29%,3.8%,"24,360",91,"2,925",264,12%,1.1%,"24,411",151,"2,562",254,10.5%,1%,"48,382",141,"5,460",439,11.3%,0.9%,"47,902",155,"5,382",441,11.2%,0.9%,215,73,56,48,26%,21.2%,93,37,18,18,19.4%,20.5%,120,54,0,22,0%,18.7%,0,22,0,22,,,52,68,4,10,7.7%,22.1%,389,96,27,15,6.9%,4%,"47,609",133,"5,339",440,11.2%,0.9%,419,36,66,31,15.8%,6.6%,"48,717",135,"5,481",438,11.3%,0.9%,"9,839",710,"1,595",267,16.2%,2.4%,"12,746",914,"1,677",265,13.2%,1.7%,"11,159",702,963,152,8.6%,1.3%,"7,086",596,468,165,6.6%,2.3%,"7,887",725,778,185,9.9%,2%,"48,570",171,"5,449",437,11.2%,0.9%,"10,806",674,"2,251",346,20.8%,2.8%,"6,608",662,895,203,13.5%,2.4%,"31,156",942,"2,303",306,7.4%,0.9%,"(40.0073753643, -78.4911647381)"
Berks,6,06,42,011,"408,084",515,"41,038","1,630",10.1%,0.4%,"95,806",102,"5,777",667,6%,0.7%,"252,313",345,"34,953","1,361",13.9%,0.5%,"59,965",393,308,112,0.5%,0.2%,"39,977",593,"7,682",662,19.2%,1.6%,"200,358",354,"23,000","1,175",11.5%,0.6%,"207,726",319,"18,038",841,8.7%,0.4%,"393,631","1,238","39,000","1,641",9.9%,0.4%,"342,612","1,606","29,898","1,385",8.7%,0.4%,"19,382",860,"3,118",420,16.1%,2.1%,"1,731",563,529,269,30.6%,13.1%,"5,608",253,578,176,10.3%,3.1%,188,167,0,24,0%,12.4%,"24,110","1,499","4,877",790,20.2%,2.9%,"14,453","1,271","2,038",391,14.1%,2.6%,"308,040",468,"23,374","1,139",7.6%,0.4%,"71,802",152,"14,045","1,095",19.6%,1.5%,"399,667",983,"40,361","1,679",10.1%,0.4%,"64,977","2,296","10,124",922,15.6%,1.3%,"82,140","2,851","11,644",938,14.2%,1%,"81,259","3,020","8,857",889,10.9%,1%,"62,299","2,463","4,844",577,7.8%,0.8%,"108,992","2,834","4,892",698,4.5%,0.7%,"399,921",876,"40,556","1,658",10.1%,0.4%,"83,391","2,457","16,323","1,160",19.6%,1.3%,"39,996","2,311","6,634",835,16.6%,1.8%,"276,534","2,898","17,599","1,209",6.4%,0.4%,"(40.4193963513, -75.9307732705)"
Blair,7,07,42,013,"124,952",259,"11,684",754,9.4%,0.6%,"26,357",7,"1,194",272,4.5%,1%,"76,686",134,"10,428",652,13.6%,0.9%,"21,909",236,62,41,0.3%,0.2%,"11,559",305,"2,334",330,20.2%,2.9%,"60,867",238,"6,604",533,10.8%,0.9%,"64,085",293,"5,080",428,7.9%,0.7%,"123,349",306,"11,511",735,9.3%,0.6%,"120,190",270,"10,733",683,8.9%,0.6%,"1,955",212,423,133,21.6%,6.8%,67,48,4,7,6%,7.3%,"1,005",72,287,134,28.6%,12.8%,0,24,0,24,,,132,77,64,50,48.5%,23.2%,"1,603",221,173,87,10.8%,5.4%,"119,081",259,"10,525",650,8.8%,0.5%,"1,326",20,280,145,21.1%,10.9%,"123,358",439,"11,543",739,9.4%,0.6%,"23,774","1,224","2,983",368,12.5%,1.4%,"32,900","1,564","4,045",532,12.3%,1.4%,"26,482","1,469","2,537",479,9.6%,1.7%,"18,455","1,337","1,061",286,5.7%,1.4%,"21,747","1,348",917,235,4.2%,1%,"123,524",412,"11,605",745,9.4%,0.6%,"27,136","1,192","4,171",477,15.4%,1.6%,"18,110","1,386","2,941",481,16.2%,2.4%,"78,278","1,329","4,493",525,5.7%,0.6%,"(40.4855502384, -78.349076871)"
Bradford,8,08,42,015,"61,883",151,"7,214",525,11.7%,0.8%,"13,965",4,"1,306",202,9.4%,1.4%,"36,755",126,"5,871",413,16%,1.1%,"11,163",133,37,32,0.3%,0.3%,"4,703",172,"1,226",187,26.1%,4%,"30,600",119,"3,922",359,12.8%,1.2%,"31,283",126,"3,292",298,10.5%,1%,"61,209",181,"7,128",522,11.6%,0.9%,"60,383",160,"7,069",520,11.7%,0.9%,250,88,18,15,7.2%,6.7%,61,29,2,3,3.3%,5.6%,388,44,31,23,8%,5.9%,6,9,0,24,0%,100%,121,67,8,12,6.6%,11.1%,674,86,86,54,12.8%,7.6%,"59,689",143,"6,832",488,11.4%,0.8%,834,8,261,114,31.3%,13.6%,"61,702",215,"7,206",525,11.7%,0.9%,"10,135",746,"1,713",229,16.9%,1.9%,"16,322",963,"2,324",311,14.2%,1.5%,"13,369",820,"1,533",263,11.5%,1.8%,"9,301",809,590,148,6.3%,1.5%,"12,575",836,"1,046",229,8.3%,1.7%,"61,477",184,"7,164",519,11.7%,0.8%,"13,273",798,"2,729",335,20.6%,2.1%,"8,808",723,"1,345",241,15.3%,2.3%,"39,396",870,"3,090",373,7.8%,0.9%,"(41.7911781401, -76.5182562384)"
Bucks,9,09,42,017,"620,253",728,"38,933","1,676",6.3%,0.3%,"137,943",157,"3,688",621,2.7%,0.4%,"387,288",552,"34,932","1,463",9%,0.4%,"95,022",362,313,107,0.3%,0.1%,"46,586",675,"6,033",511,13%,1.1%,"303,596",655,"21,428","1,022",7.1%,0.3%,"316,657",333,"17,505",916,5.5%,0.3%,"609,893","1,148","38,076","1,671",6.2%,0.3%,"554,773","1,109","31,816","1,463",5.7%,0.3%,"22,549",724,"2,588",437,11.5%,2%,798,268,107,70,13.4%,9.6%,"25,960",525,"2,232",472,8.6%,1.8%,46,52,0,24,0%,38.3%,"5,767",990,"1,333",530,23.1%,7%,"10,360",956,857,228,8.3%,2.1%,"533,639",696,"28,273","1,324",5.3%,0.2%,"28,552",126,"5,033",710,17.6%,2.5%,"616,477",855,"38,852","1,679",6.3%,0.3%,"48,581","2,220","7,059",814,14.5%,1.5%,"89,377","3,096","10,941",957,12.2%,0.9%,"101,596","3,481","7,172",775,7.1%,0.7%,"91,570","3,047","5,549",893,6.1%,0.9%,"285,353","4,722","8,131",794,2.8%,0.3%,"617,411",836,"38,841","1,677",6.3%,0.3%,"58,845","2,614","10,358",922,17.6%,1.4%,"44,447","2,075","6,273",737,14.1%,1.4%,"514,119","3,373","22,210","1,263",4.3%,0.2%,"(40.335011331, -75.1129124111)"
Butler,10,10,42,019,"182,796",375,"12,615",745,6.9%,0.4%,"39,468",96,"1,198",247,3%,0.6%,"114,658",179,"11,409",666,10%,0.6%,"28,670",279,8,12,0%,0.1%,"15,927",410,"2,537",321,15.9%,2%,"90,121",192,"6,887",465,7.6%,0.5%,"92,675",316,"5,728",548,6.2%,0.6%,"180,985",457,"12,493",741,6.9%,0.4%,"176,781",384,"11,956",700,6.8%,0.4%,"1,710",192,185,89,10.8%,4.8%,157,59,11,12,7%,7.6%,"2,001",159,284,202,14.2%,10.1%,52,46,0,24,0%,35.8%,284,129,57,81,20.1%,24.3%,"1,811",253,122,64,6.7%,3.3%,"174,961",354,"11,813",697,6.8%,0.4%,"2,193",25,227,122,10.4%,5.6%,"179,513",588,"12,384",741,6.9%,0.4%,"22,830",972,"3,379",440,14.8%,1.8%,"34,301","1,366","4,006",457,11.7%,1.2%,"34,557","1,558","2,304",415,6.7%,1.1%,"28,276","1,556","1,263",264,4.5%,0.9%,"59,549","2,000","1,432",257,2.4%,0.4%,"179,754",554,"12,406",746,6.9%,0.4%,"25,064","1,071","4,526",491,18.1%,1.7%,"16,040","1,061","1,989",274,12.4%,1.5%,"138,650","1,442","5,891",576,4.2%,0.4%,"(40.9108318483, -79.9171177889)"
Cambria,11,11,42,021,"136,141",597,"10,436",707,7.7%,0.5%,"27,329",35,653,155,2.4%,0.6%,"82,422",490,"9,744",641,11.8%,0.8%,"26,390",276,39,31,0.1%,0.1%,"11,902",289,"1,961",279,16.5%,2.3%,"65,745",460,"5,904",518,9%,0.8%,"70,396",220,"4,532",369,6.4%,0.5%,"133,925",690,"10,279",702,7.7%,0.5%,"129,283",491,"9,747",645,7.5%,0.5%,"3,409",342,399,121,11.7%,3.3%,67,35,7,10,10.4%,14.8%,721,89,70,50,9.7%,7%,32,29,13,21,40.6%,47.1%,413,169,43,54,10.4%,14.5%,"2,216",279,157,95,7.1%,3.9%,"128,382",428,"9,582",632,7.5%,0.5%,"1,696",116,258,130,15.2%,7.4%,"132,344",687,"10,291",705,7.8%,0.5%,"27,595","1,110","3,485",444,12.6%,1.5%,"35,312","1,255","3,470",368,9.8%,1%,"27,071","1,258","1,841",302,6.8%,1.1%,"19,432","1,042",837,249,4.3%,1.2%,"22,934","1,282",658,169,2.9%,0.7%,"132,703",706,"10,341",706,7.8%,0.5%,"29,509","1,154","4,383",533,14.9%,1.6%,"18,516",859,"1,838",278,9.9%,1.4%,"84,678","1,324","4,120",458,4.9%,0.5%,"(40.4912749067, -78.7189417385)"
Cameron,12,12,42,023,"4,888",58,404,116,8.3%,2.4%,884,27,50,49,5.7%,5.6%,"2,934",27,354,81,12.1%,2.8%,"1,070",45,0,10,0%,2.3%,283,26,58,25,20.5%,8.8%,"2,433",25,243,73,10%,3%,"2,455",54,161,57,6.6%,2.3%,"4,851",62,404,116,8.3%,2.4%,"4,808",56,392,115,8.2%,2.4%,20,17,5,14,25%,68.8%,13,13,2,3,15.4%,20.4%,10,11,5,7,50%,49.9%,0,10,0,10,,,0,10,0,10,,,37,24,0,10,0%,42.8%,"4,778",56,380,114,8%,2.4%,30,3,12,10,40%,33.9%,"4,845",67,393,115,8.1%,2.4%,926,142,77,43,8.3%,4.2%,"1,528",161,123,39,8%,2.4%,936,141,69,30,7.4%,2.9%,813,169,120,103,14.8%,11.2%,642,151,4,6,0.6%,0.9%,"4,866",61,404,116,8.3%,2.4%,"1,013",147,111,49,11%,4.3%,764,129,81,33,10.6%,3.8%,"3,089",167,212,104,6.9%,3.3%,"(41.4388026531, -78.2091693241)"
Carbon,13,13,42,025,"64,098",223,"6,757",702,10.5%,1.1%,"13,002",78,532,143,4.1%,1.1%,"39,414",146,"6,181",659,15.7%,1.7%,"11,682",182,44,47,0.4%,0.4%,"4,398",207,"1,017",251,23.1%,5.7%,"31,587",181,"3,538",419,11.2%,1.3%,"32,511",222,"3,219",423,9.9%,1.3%,"63,219",294,"6,705",713,10.6%,1.1%,"61,677",268,"6,326",681,10.3%,1.1%,725,182,93,79,12.8%,9.7%,118,96,78,88,66.1%,35.7%,320,96,137,76,42.8%,22.5%,0,24,0,24,,,379,185,71,67,18.7%,15%,879,238,52,67,5.9%,7.4%,"59,797",189,"5,929",652,9.9%,1.1%,"2,386",29,475,126,19.9%,5.3%,"63,983",224,"6,717",705,10.5%,1.1%,"10,026",864,"1,593",287,15.9%,2.5%,"16,758","1,125","2,057",405,12.3%,2.2%,"14,784","1,250","1,889",481,12.8%,2.8%,"10,414","1,190",700,221,6.7%,2%,"12,001","1,268",478,172,4%,1.4%,"63,877",252,"6,754",703,10.6%,1.1%,"12,800","1,097","2,349",373,18.4%,2.6%,"7,723",760,"1,398",311,18.1%,3.4%,"43,354","1,337","3,007",529,6.9%,1.2%,"(40.9193670081, -75.7110703866)"
Centre,14,14,42,027,"153,263",405,"10,654",731,7%,0.5%,"24,424",28,"1,353",329,5.5%,1.3%,"111,027",351,"9,234",620,8.3%,0.6%,"17,812",189,67,47,0.4%,0.3%,"37,549",709,"2,928",463,7.8%,1.2%,"79,007",376,"5,908",527,7.5%,0.7%,"74,256",197,"4,746",456,6.4%,0.6%,"150,910",629,"10,350",724,6.9%,0.5%,"137,104",447,"9,168",687,6.7%,0.5%,"4,432",429,384,155,8.7%,3.6%,276,65,84,49,30.4%,16.7%,"8,523",434,636,246,7.5%,2.8%,38,53,0,24,0%,42.2%,537,199,78,58,14.5%,10.2%,"2,353",506,304,161,12.9%,5.8%,"134,488",289,"8,938",669,6.6%,0.5%,"3,895",76,392,151,10.1%,3.8%,"139,428","1,176","10,307",752,7.4%,0.5%,"27,440","1,692","3,035",452,11.1%,1.5%,"31,807","1,881","3,916",520,12.3%,1.6%,"24,642","1,478","1,551",315,6.3%,1.3%,"19,954","1,820",868,292,4.4%,1.4%,"35,585","1,499",937,187,2.6%,0.5%,"139,356","1,184","10,265",747,7.4%,0.5%,"36,158","1,647","4,436",680,12.3%,1.8%,"13,006","1,204","1,999",395,15.4%,2.8%,"90,192","1,627","3,830",433,4.2%,0.5%,"(40.9193135008, -77.8250011212)"
Chester,15,15,42,029,"501,508",533,"40,648","1,821",8.1%,0.4%,"121,478",85,"6,528",849,5.4%,0.7%,"313,256",305,"33,740","1,401",10.8%,0.4%,"66,774",421,380,135,0.6%,0.2%,"43,136",659,"6,583",516,15.3%,1.2%,"246,167",368,"22,950","1,214",9.3%,0.5%,"255,341",351,"17,698","1,007",6.9%,0.4%,"492,080",971,"39,741","1,799",8.1%,0.4%,"435,189","1,102","33,624","1,943",7.7%,0.4%,"29,478",584,"3,047",432,10.3%,1.5%,453,156,23,30,5.1%,6.1%,"21,511",474,"1,115",274,5.2%,1.3%,67,83,0,24,0%,30.2%,"5,382","1,001","1,932",791,35.9%,10.6%,"9,428",882,907,254,9.6%,2.4%,"407,947",487,"22,838","1,539",5.6%,0.4%,"34,164",112,"13,122",813,38.4%,2.4%,"491,556","1,048","39,223","1,812",8%,0.4%,"39,186","1,971","6,517",810,16.6%,1.8%,"64,462","2,438","11,621","1,044",18%,1.5%,"69,210","2,577","8,055",868,11.6%,1.2%,"65,140","2,767","3,949",725,6.1%,1.1%,"253,558","3,012","9,081","1,340",3.6%,0.5%,"493,263","1,013","39,976","1,812",8.1%,0.4%,"52,430","2,490","12,757","1,284",24.3%,1.9%,"33,579","1,888","7,242",876,21.6%,2%,"407,254","3,087","19,977","1,650",4.9%,0.4%,"(39.9748705566, -75.7562649818)"
Clarion,16,16,42,031,"39,023",137,"3,900",358,10%,0.9%,"7,540",7,491,161,6.5%,2.1%,"24,976",71,"3,366",272,13.5%,1.1%,"6,507",94,43,41,0.7%,0.6%,"5,643",191,807,139,14.3%,2.5%,"19,044",97,"2,147",276,11.3%,1.4%,"19,979",150,"1,753",158,8.8%,0.8%,"38,678",169,"3,891",359,10.1%,0.9%,"37,935",136,"3,751",343,9.9%,0.9%,361,86,48,41,13.3%,10.5%,51,20,8,10,15.7%,18%,221,53,59,74,26.7%,34.1%,10,15,10,15,100%,82.2%,100,60,15,17,15%,17.1%,345,86,9,8,2.6%,2.2%,"37,777",122,"3,733",344,9.9%,0.9%,235,19,31,20,13.2%,7.6%,"37,699",300,"3,842",356,10.2%,0.9%,"8,774",617,"1,185",210,13.5%,2.4%,"9,334",614,"1,163",142,12.5%,1.3%,"8,851",643,832,237,9.4%,2.4%,"4,872",457,380,126,7.8%,2.3%,"5,868",396,282,119,4.8%,2%,"37,671",300,"3,846",356,10.2%,0.9%,"9,815",546,"1,567",252,16%,2.5%,"4,713",415,781,153,16.6%,2.7%,"23,143",565,"1,498",199,6.5%,0.8%,"(41.1927912877, -79.4248360769)"
Clearfield,17,17,42,033,"76,508",432,"7,838",644,10.2%,0.8%,"15,642",99,606,166,3.9%,1.1%,"46,820",356,"7,197",572,15.4%,1.2%,"14,046",201,35,33,0.2%,0.2%,"5,871",270,"1,290",228,22%,3.4%,"38,060",337,"4,304",419,11.3%,1.1%,"38,448",207,"3,534",366,9.2%,0.9%,"75,964",402,"7,777",645,10.2%,0.8%,"75,369",355,"7,680",636,10.2%,0.8%,74,135,4,15,5.4%,60.1%,77,36,16,18,20.8%,22.5%,370,96,37,36,10%,9.6%,0,24,0,24,,,74,60,40,50,54.1%,36.6%,544,165,61,52,11.2%,8.2%,"74,402",286,"7,467",607,10%,0.8%,"1,090",198,275,205,25.2%,17.6%,"76,355",437,"7,825",647,10.2%,0.8%,"15,993",868,"2,532",378,15.8%,2%,"21,525","1,060","2,456",368,11.4%,1.5%,"17,681","1,107","1,488",341,8.4%,1.8%,"9,902",839,692,247,7%,2.4%,"11,254",967,657,173,5.8%,1.5%,"76,142",448,"7,838",644,10.3%,0.8%,"18,270","1,134","3,346",446,18.3%,2.1%,"10,820",809,"1,189",237,11%,2%,"47,052","1,183","3,303",375,7%,0.8%,"(41.0004290024, -78.4755834299)"
Clinton,18,18,42,035,"38,984",279,"4,209",386,10.8%,1%,"8,066",79,958,185,11.9%,2.3%,"24,528",290,"3,237",291,13.2%,1.1%,"6,390",80,14,12,0.2%,0.2%,"5,748",200,888,205,15.4%,3.6%,"18,886",252,"2,282",229,12.1%,1.2%,"20,098",122,"1,927",221,9.6%,1.1%,"38,447",270,"4,168",374,10.8%,1%,"37,688",185,"4,091",370,10.9%,1%,492,128,18,13,3.7%,2.9%,24,27,0,22,0%,53.1%,177,55,52,44,29.4%,23.6%,10,11,0,22,0%,82.3%,56,37,7,9,12.5%,14%,537,125,41,63,7.6%,11.2%,"37,370",161,"4,041",368,10.8%,1%,448,30,55,42,12.3%,9.2%,"37,056",551,"4,180",390,11.3%,1%,"8,079",631,819,189,10.1%,2.4%,"8,683",598,"1,293",216,14.9%,2.2%,"7,915",685,684,178,8.6%,2%,"6,773",661,"1,028",316,15.2%,4.1%,"5,606",461,356,141,6.4%,2.4%,"36,975",556,"4,183",387,11.3%,1%,"8,676",644,"1,283",259,14.8%,2.8%,"5,142",539,954,209,18.6%,3.4%,"23,157",786,"1,946",316,8.4%,1.3%,"(41.2328627374, -77.6428376046)"
Columbia,19,19,42,037,"66,328",242,"4,658",430,7%,0.6%,"12,237",6,432,145,3.5%,1.2%,"43,488",132,"4,223",370,9.7%,0.8%,"10,603",210,3,4,0%,0.1%,"9,891",342,936,279,9.5%,2.8%,"31,895",138,"2,468",310,7.7%,1%,"34,433",227,"2,190",263,6.4%,0.8%,"65,787",339,"4,634",435,7%,0.6%,"63,352",357,"4,299",441,6.8%,0.7%,"1,247",176,74,48,5.9%,3.7%,78,52,9,14,11.5%,14.3%,766,34,249,116,32.5%,15.3%,18,25,0,24,0%,61.3%,326,187,3,4,0.9%,1.4%,541,199,24,26,4.4%,4.9%,"62,246",253,"4,270",442,6.9%,0.7%,"1,565",12,29,29,1.9%,1.9%,"63,081",764,"4,635",429,7.3%,0.7%,"13,636",892,"1,591",269,11.7%,1.9%,"14,969",980,"1,682",376,11.2%,2.3%,"13,036",907,739,222,5.7%,1.6%,"8,916",775,246,83,2.8%,1%,"12,524",797,377,111,3%,0.9%,"62,820",795,"4,640",429,7.4%,0.7%,"15,102",935,"2,314",426,15.3%,2.5%,"7,039",638,821,205,11.7%,2.5%,"40,679",883,"1,505",207,3.7%,0.5%,"(41.0491208559, -76.4100217975)"
Crawford,20,20,42,039,"86,102",380,"11,515",717,13.4%,0.8%,"19,067",95,"2,380",307,12.5%,1.6%,"52,199",305,"8,983",526,17.2%,1%,"14,836",158,152,47,1%,0.3%,"7,759",204,"1,817",222,23.4%,2.9%,"42,550",153,"5,898",395,13.9%,0.9%,"43,552",355,"5,617",449,12.9%,1%,"84,830",383,"11,371",709,13.4%,0.8%,"83,003",285,"11,068",694,13.3%,0.8%,"1,289",177,219,112,17%,9%,51,30,17,15,33.3%,21.4%,360,102,60,45,16.7%,11.8%,8,11,0,24,0%,92%,119,42,7,8,5.9%,6.7%,"1,272",192,144,73,11.3%,6.1%,"82,490",240,"10,957",687,13.3%,0.8%,856,87,153,80,17.9%,8.9%,"84,187",465,"11,431",717,13.6%,0.9%,"16,918",883,"2,863",406,16.9%,1.9%,"22,652",917,"3,544",351,15.6%,1.4%,"18,448","1,138","2,625",424,14.2%,1.9%,"13,437","1,168","1,369",397,10.2%,2.8%,"12,732",885,"1,030",296,8.1%,2.2%,"83,974",454,"11,441",717,13.6%,0.9%,"20,479",989,"4,701",446,23%,1.9%,"11,744",823,"2,618",487,22.3%,3.3%,"51,751","1,206","4,122",440,8%,0.8%,"(41.6854690692, -80.1132108295)"
Cumberland,21,21,42,041,"233,159",454,"16,905","1,301",7.3%,0.6%,"48,909",47,"2,424",409,5%,0.8%,"147,162",366,"14,333","1,063",9.7%,0.7%,"37,088",304,148,80,0.4%,0.2%,"22,859",455,"3,026",374,13.2%,1.6%,"113,228",398,"9,234",877,8.2%,0.8%,"119,931",269,"7,671",617,6.4%,0.5%,"227,549",756,"16,386","1,317",7.2%,0.6%,"211,471",616,"14,358","1,254",6.8%,0.6%,"6,065",387,687,152,11.3%,2.4%,195,92,8,9,4.1%,5.3%,"7,473",419,949,369,12.7%,4.8%,52,68,0,24,0%,35.8%,"2,293",419,384,177,16.7%,7.5%,"5,610",617,519,180,9.3%,3%,"207,781",452,"13,913","1,231",6.7%,0.6%,"6,866",123,895,200,13%,2.9%,"225,777",939,"16,625","1,298",7.4%,0.6%,"26,059","1,564","4,024",516,15.4%,1.7%,"43,297","1,942","5,183",724,12%,1.5%,"44,639","2,131","3,282",529,7.4%,1.1%,"38,552","2,565","1,927",382,5%,0.9%,"73,230","2,505","2,209",408,3%,0.6%,"225,487",956,"16,640","1,297",7.4%,0.6%,"29,928","1,613","5,530",633,18.5%,1.9%,"20,173","1,594","3,122",444,15.5%,2%,"175,386","2,259","7,988",826,4.6%,0.5%,"(40.167598388, -77.268662705)"
Dauphin,22,22,42,043,"266,222",438,"26,627","1,425",10%,0.5%,"61,378",48,"3,718",613,6.1%,1%,"167,137",343,"22,589","1,176",13.5%,0.7%,"37,707",260,320,129,0.8%,0.3%,"22,922",532,"4,982",575,21.7%,2.4%,"128,014",369,"14,677",873,11.5%,0.7%,"138,208",238,"11,950",904,8.6%,0.7%,"257,371",996,"25,311","1,392",9.8%,0.5%,"193,793","1,086","15,237",879,7.9%,0.4%,"46,916",793,"6,588",740,14%,1.6%,498,240,164,183,32.9%,23.2%,"9,142",429,"1,652",490,18.1%,4.9%,85,35,7,10,8.2%,11.4%,"6,937","1,024","1,663",594,24%,7.2%,"8,851",934,"1,316",444,14.9%,4.7%,"183,994",451,"13,439",817,7.3%,0.4%,"20,427",101,"4,087",646,20%,3.1%,"262,416",709,"25,817","1,408",9.8%,0.5%,"42,007","1,936","6,741",790,16%,1.6%,"57,269","2,464","8,421",877,14.7%,1.3%,"52,244","2,172","5,453",750,10.4%,1.3%,"39,194","1,983","2,248",480,5.7%,1.1%,"71,702","2,521","2,954",532,4.1%,0.7%,"264,707",504,"26,558","1,424",10%,0.5%,"53,034","2,424","10,673","1,098",20.1%,1.9%,"27,185","1,847","4,806",785,17.7%,2.4%,"184,488","2,529","11,079","1,152",6%,0.6%,"(40.4197463597, -76.7796056802)"
Delaware,23,23,42,045,"553,107",501,"47,438","1,997",8.6%,0.4%,"127,236",183,"4,873",704,3.8%,0.6%,"347,167",344,"42,137","1,702",12.1%,0.5%,"78,704",367,428,129,0.5%,0.2%,"55,951",838,"8,426",629,15.1%,1.1%,"263,820",458,"25,445","1,276",9.6%,0.5%,"289,287",305,"21,993","1,148",7.6%,0.4%,"542,505","1,016","46,263","1,921",8.5%,0.4%,"397,628","1,032","23,348","1,372",5.9%,0.3%,"111,645",972,"16,157","1,124",14.5%,1%,654,193,61,43,9.3%,6.4%,"27,873",452,"5,065",650,18.2%,2.3%,70,51,2,10,2.9%,13.6%,"4,635",933,"1,630",617,35.2%,8.9%,"10,602",968,"1,175",268,11.1%,2.3%,"387,279",383,"20,779","1,295",5.4%,0.3%,"17,806",131,"4,693",648,26.4%,3.6%,"538,372",981,"46,808","1,965",8.7%,0.4%,"68,614","2,513","10,743",935,15.7%,1.1%,"97,510","2,877","14,199","1,264",14.6%,1.1%,"90,199","2,898","9,552",926,10.6%,1%,"75,689","3,087","4,783",625,6.3%,0.8%,"206,360","3,203","7,531",813,3.6%,0.4%,"539,364",920,"46,912","1,991",8.7%,0.4%,"84,663","2,914","16,288","1,296",19.2%,1.2%,"50,983","2,262","7,799",848,15.3%,1.5%,"403,718","3,381","22,825","1,342",5.7%,0.3%,"(39.9165786652, -75.4062771212)"
Elk,24,24,42,047,"31,259",165,"2,105",383,6.7%,1.2%,"6,333",72,61,42,1%,0.7%,"18,904",99,"2,029",370,10.7%,1.9%,"6,022",123,15,18,0.2%,0.3%,"2,057",128,363,103,17.6%,4.8%,"15,571",126,"1,224",249,7.9%,1.6%,"15,688",135,881,193,5.6%,1.2%,"31,166",202,"2,083",381,6.7%,1.2%,"30,756",177,"2,009",341,6.5%,1.1%,159,91,74,79,46.5%,36.5%,67,65,0,22,0%,30.2%,118,30,0,22,0%,19%,0,22,0,22,,,66,75,0,22,0%,30.5%,93,68,22,24,23.7%,21.9%,"30,588",172,"2,000",342,6.5%,1.1%,211,2,9,10,4.3%,4.7%,"31,184",182,"2,105",383,6.8%,1.2%,"5,121",525,488,194,9.5%,3.3%,"8,138",809,792,254,9.7%,2.7%,"8,220",852,586,196,7.1%,2.3%,"4,999",606,137,63,2.7%,1.2%,"4,706",633,102,64,2.2%,1.4%,"31,131",182,"2,101",383,6.7%,1.2%,"5,166",542,622,201,12%,3.5%,"4,292",601,296,94,6.9%,2.1%,"21,673",717,"1,183",263,5.5%,1.2%,"(41.4281941606, -78.6494771322)"
Erie,25,25,42,049,"274,824",490,"24,535","1,079",8.9%,0.4%,"62,026",91,"1,857",363,3%,0.6%,"172,457",329,"22,583","1,005",13.1%,0.6%,"40,341",344,95,42,0.2%,0.1%,"30,155",505,"5,245",539,17.4%,1.8%,"134,067",367,"13,741",789,10.2%,0.6%,"140,757",278,"10,794",655,7.7%,0.5%,"268,063",770,"23,831","1,051",8.9%,0.4%,"242,513",601,"20,090",996,8.3%,0.4%,"18,523",750,"2,621",361,14.1%,2%,750,180,148,121,19.7%,14.5%,"3,779",163,482,122,12.8%,3.2%,56,27,0,24,0%,34.2%,"2,442",424,490,226,20.1%,8.5%,"6,761",665,704,234,10.4%,3.3%,"237,073",430,"19,372",986,8.2%,0.4%,"9,821",97,"1,381",259,14.1%,2.6%,"267,487",729,"24,024","1,078",9%,0.4%,"54,216","2,083","7,315",659,13.5%,1%,"65,768","2,423","8,387",777,12.8%,1.1%,"55,194","2,382","4,339",535,7.9%,0.9%,"37,550","1,713","1,860",348,5%,0.9%,"54,759","2,502","2,123",425,3.9%,0.7%,"267,763",690,"24,165","1,062",9%,0.4%,"64,913","2,396","10,185",760,15.7%,1.1%,"31,882","1,687","4,079",449,12.8%,1.3%,"170,968","2,308","9,901",767,5.8%,0.4%,"(41.9941378702, -80.0407591036)"
Fayette,26,26,42,051,"132,105",310,"13,927",877,10.5%,0.7%,"26,752",79,"1,119",274,4.2%,1%,"81,059",334,"12,805",790,15.8%,1%,"24,294",178,3,5,0%,0.1%,"10,461",313,"2,513",286,24%,2.7%,"64,114",309,"7,442",562,11.6%,0.9%,"67,991",194,"6,485",489,9.5%,0.7%,"129,049",536,"13,633",875,10.6%,0.7%,"124,120",289,"13,043",831,10.5%,0.7%,"4,210",481,456,152,10.8%,3.3%,103,85,12,21,11.7%,15.3%,156,99,30,43,19.2%,28.1%,228,275,67,71,29.4%,15.5%,232,92,25,33,10.8%,13.1%,"3,056",387,294,123,9.6%,3.6%,"123,661",274,"12,887",794,10.4%,0.6%,970,137,203,106,20.9%,8.9%,"130,728",458,"13,551",862,10.4%,0.7%,"31,986","1,474","4,301",521,13.4%,1.4%,"34,709","1,778","4,367",522,12.6%,1.4%,"27,216","1,444","2,735",390,10%,1.2%,"17,303","1,311","1,274",350,7.4%,1.8%,"19,514","1,205",874,199,4.5%,0.9%,"131,448",414,"13,737",886,10.5%,0.7%,"36,121","1,475","6,002",666,16.6%,1.7%,"17,486","1,272","2,200",394,12.6%,1.9%,"77,841","1,696","5,535",540,7.1%,0.6%,"(39.919447803, -79.6518963464)"
Forest,27,27,42,053,"4,289",470,375,180,8.7%,3.5%,634,70,0,15,0%,3.9%,"2,257",455,372,180,16.5%,5.4%,"1,398",109,3,4,0.2%,0.3%,107,170,43,103,40.2%,59.8%,"2,014",413,173,156,8.6%,6.5%,"2,275",94,202,54,8.9%,2.3%,"4,251",463,364,172,8.6%,3.3%,"4,146",461,357,170,8.6%,3.4%,20,17,0,15,0%,58.2%,28,27,4,5,14.3%,21.8%,34,26,3,4,8.8%,14.4%,0,15,0,15,,,23,26,0,15,0%,54.2%,38,34,11,23,28.9%,50.2%,"4,119",455,357,170,8.7%,3.4%,69,77,0,15,0%,29.5%,"4,239",474,375,180,8.8%,3.5%,"1,124",155,154,83,13.7%,6.5%,"1,403",238,117,73,8.3%,4.4%,864,139,61,35,7.1%,3.7%,503,141,30,45,6%,8%,345,105,13,13,3.8%,3.4%,"4,265",471,375,180,8.8%,3.5%,"1,069",166,146,75,13.7%,6.1%,546,125,74,49,13.6%,6.9%,"2,650",342,155,93,5.8%,3%,"(41.5135787577, -79.2378099483)"
Franklin,28,28,42,055,"149,996",284,"18,890","1,462",12.6%,1%,"35,208",104,"3,601",664,10.2%,1.9%,"89,129",241,"15,047","1,016",16.9%,1.1%,"25,659",261,242,142,0.9%,0.6%,"11,657",338,"2,614",342,22.4%,2.9%,"73,351",258,"9,924",849,13.5%,1.2%,"76,645",195,"8,966",785,11.7%,1%,"148,143",450,"18,795","1,474",12.7%,1%,"139,885",555,"17,147","1,386",12.3%,1%,"5,354",354,818,286,15.3%,5.4%,373,107,93,91,24.9%,20.1%,"1,365",201,209,166,15.3%,11.4%,17,32,0,24,0%,63.1%,"1,149",450,528,292,46%,14.9%,"1,853",386,95,56,5.1%,2.8%,"134,430",264,"15,169","1,281",11.3%,1%,"7,024",45,"2,533",473,36.1%,6.7%,"148,948",341,"18,749","1,457",12.6%,1%,"21,167","1,351","4,082",615,19.3%,2.3%,"36,337","1,937","7,330",894,20.2%,2%,"31,992","1,633","3,504",588,11%,1.8%,"24,643","1,992","1,733",596,7%,2.3%,"34,809","2,095","2,100",473,6%,1.3%,"148,764",486,"18,817","1,450",12.6%,1%,"26,109","1,650","6,477",831,24.8%,2.7%,"19,094","1,429","4,672",867,24.5%,3.7%,"103,561","2,025","7,668",826,7.4%,0.8%,"(39.9278619704, -77.7239884483)"
Fulton,29,29,42,057,"14,700",24,"1,446",173,9.8%,1.2%,"3,246",18,152,56,4.7%,1.7%,"8,746",24,"1,291",146,14.8%,1.7%,"2,708",29,3,4,0.1%,0.2%,973,38,195,47,20%,4.6%,"7,396",38,805,118,10.9%,1.6%,"7,304",45,641,86,8.8%,1.2%,"14,600",42,"1,442",173,9.9%,1.2%,"14,315",39,"1,390",171,9.7%,1.2%,188,37,23,28,12.2%,14.1%,36,12,8,8,22.2%,18.8%,18,10,3,4,16.7%,19.8%,8,9,0,16,0%,92%,35,29,18,20,51.4%,45.7%,100,37,4,5,4%,4.9%,"14,229",24,"1,383",172,9.7%,1.2%,140,13,25,20,17.9%,14.6%,"14,688",31,"1,443",174,9.8%,1.2%,"2,378",227,295,70,12.4%,2.6%,"4,045",301,534,98,13.2%,2.1%,"3,457",293,358,95,10.4%,2.8%,"2,528",265,160,80,6.3%,3%,"2,280",247,96,52,4.2%,2.3%,"14,630",42,"1,436",172,9.8%,1.2%,"3,075",278,487,97,15.8%,2.7%,"2,150",234,341,84,15.9%,3.5%,"9,405",316,608,143,6.5%,1.5%,"(39.9248751086, -78.1148504535)"
Greene,30,30,42,059,"34,788",411,"3,098",352,8.9%,1%,"7,312",40,344,115,4.7%,1.6%,"21,574",363,"2,749",306,12.7%,1.4%,"5,902",171,5,7,0.1%,0.1%,"3,255",192,428,110,13.1%,3.2%,"16,653",357,"1,657",226,10%,1.3%,"18,135",127,"1,441",190,7.9%,1%,"34,494",446,"3,087",350,8.9%,1%,"34,043",467,"3,074",353,9%,1%,337,199,7,13,2.1%,4%,28,34,0,22,0%,49.2%,60,51,4,5,6.7%,12.8%,0,22,0,22,,,26,27,2,4,7.7%,13.8%,294,135,11,14,3.7%,4.5%,"33,940",451,"3,060",351,9%,1%,138,110,16,22,11.6%,12.4%,"33,834",479,"3,094",354,9.1%,1%,"6,518",583,732,172,11.2%,2.3%,"8,467",665,"1,145",210,13.5%,2.2%,"6,644",798,661,248,9.9%,3.2%,"4,837",500,261,93,5.4%,1.8%,"7,368",587,295,119,4%,1.6%,"33,828",483,"3,088",354,9.1%,1%,"7,335",634,"1,065",214,14.5%,2.5%,"4,169",523,707,190,17%,4.4%,"22,324",739,"1,316",277,5.9%,1.2%,"(39.8548039342, -80.2294381655)"
Huntingdon,31,31,42,061,"42,140",463,"3,981",316,9.4%,0.7%,"8,790",43,456,123,5.2%,1.4%,"25,479",433,"3,503",281,13.7%,1.1%,"7,871",139,22,12,0.3%,0.2%,"3,825",184,744,147,19.5%,3.9%,"20,651",332,"2,242",221,10.9%,1%,"21,489",197,"1,739",186,8.1%,0.9%,"41,784",403,"3,961",314,9.5%,0.7%,"41,097",307,"3,864",310,9.4%,0.8%,399,177,66,62,16.5%,9.2%,16,15,5,7,31.3%,46.1%,214,62,23,21,10.7%,9.4%,0,22,0,22,,,58,30,3,4,5.2%,6.3%,356,138,20,18,5.6%,4.5%,"40,720",252,"3,795",296,9.3%,0.7%,411,112,72,52,17.5%,10.3%,"40,841",465,"3,950",308,9.7%,0.7%,"7,793",573,960,163,12.3%,1.8%,"11,687",656,"1,428",194,12.2%,1.5%,"9,546",531,775,155,8.1%,1.5%,"5,606",442,302,91,5.4%,1.6%,"6,209",500,485,210,7.8%,3.2%,"40,785",473,"3,969",314,9.7%,0.7%,"9,031",720,"1,289",188,14.3%,2%,"5,885",491,812,132,13.8%,1.9%,"25,869",706,"1,868",268,7.2%,1%,"(40.4161050032, -77.9827661036)"
Indiana,32,32,42,063,"86,771",375,"10,053",694,11.6%,0.8%,"16,340",43,"2,108",330,12.9%,2%,"56,555",357,"7,897",520,14%,0.9%,"13,876",132,48,32,0.3%,0.2%,"13,510",323,"1,968",289,14.6%,2.1%,"43,142",368,"5,472",422,12.7%,1%,"43,629",180,"4,581",368,10.5%,0.8%,"85,828",401,"9,917",709,11.6%,0.8%,"82,724",243,"9,541",691,11.5%,0.8%,"1,623",249,205,135,12.6%,8.3%,175,96,71,68,40.6%,22.7%,992,64,76,42,7.7%,4.4%,44,46,11,13,25%,11.7%,270,114,13,16,4.8%,7.4%,943,216,136,67,14.4%,6%,"82,254",180,"9,431",668,11.5%,0.8%,950,97,167,99,17.6%,9.8%,"82,733",590,"9,707",659,11.7%,0.8%,"16,919","1,010","2,966",450,17.5%,2.5%,"21,009","1,371","3,625",491,17.3%,1.8%,"17,841","1,097","1,867",334,10.5%,1.8%,"11,684",962,686,184,5.9%,1.4%,"15,280","1,020",563,147,3.7%,1%,"82,857",571,"9,729",660,11.7%,0.8%,"20,752","1,035","4,540",536,21.9%,2.4%,"9,913",810,"2,100",309,21.2%,2.8%,"52,192","1,182","3,089",360,5.9%,0.7%,"(40.6529549748, -79.0933349286)"
Jefferson,33,33,42,065,"44,425",192,"4,942",418,11.1%,0.9%,"9,605",4,843,182,8.8%,1.9%,"26,745",86,"4,090",299,15.3%,1.1%,"8,075",166,9,8,0.1%,0.1%,"3,547",130,829,124,23.4%,3.5%,"22,051",113,"2,637",262,12%,1.2%,"22,374",131,"2,305",214,10.3%,0.9%,"44,036",194,"4,909",419,11.1%,0.9%,"43,615",198,"4,852",418,11.1%,1%,175,41,21,18,12%,9.9%,92,28,6,7,6.5%,6.9%,91,22,14,11,15.4%,12.3%,5,8,0,22,0%,100%,58,36,16,18,27.6%,30.2%,389,54,33,14,8.5%,3.7%,"43,386",190,"4,802",425,11.1%,1%,308,22,54,30,17.5%,9.7%,"44,168",225,"4,928",418,11.2%,0.9%,"8,878",544,"1,544",316,17.4%,3.2%,"12,724",684,"1,711",268,13.4%,2%,"10,478",580,889,130,8.5%,1.1%,"6,545",556,561,147,8.6%,2%,"5,543",453,223,65,4%,1.1%,"44,058",251,"4,921",418,11.2%,0.9%,"10,602",713,"2,130",326,20.1%,2.6%,"6,806",519,"1,059",217,15.6%,2.9%,"26,650",685,"1,732",210,6.5%,0.8%,"(41.1313909115, -79.0010181419)"
Juniata,34,34,42,067,"24,502",130,"3,706",401,15.1%,1.6%,"5,720",21,"1,100",226,19.2%,3.9%,"14,368",49,"2,555",241,17.8%,1.7%,"4,414",127,51,37,1.2%,0.8%,"1,851",87,517,103,27.9%,5.6%,"12,211",64,"1,994",265,16.3%,2.2%,"12,291",117,"1,712",209,13.9%,1.7%,"24,318",150,"3,661",397,15.1%,1.6%,"23,778",185,"3,580",392,15.1%,1.6%,155,45,7,8,4.5%,5.1%,44,40,0,19,0%,39.2%,101,23,33,30,32.7%,28.9%,0,19,0,19,,,240,104,41,28,17.1%,12.6%,184,59,45,30,24.5%,15.2%,"23,401",143,"3,476",386,14.9%,1.7%,689,6,154,53,22.4%,7.7%,"24,461",132,"3,693",403,15.1%,1.6%,"4,026",398,795,148,19.7%,3.1%,"6,626",439,"1,179",277,17.8%,3.7%,"5,822",466,763,178,13.1%,2.9%,"3,842",456,326,119,8.5%,2.9%,"4,145",526,630,249,15.2%,5.3%,"24,437",136,"3,695",402,15.1%,1.6%,"5,445",552,"1,445",285,26.5%,4.3%,"3,520",410,807,244,22.9%,5.9%,"15,472",490,"1,443",277,9.3%,1.7%,"(40.5343300836, -77.405775001)"
Lackawanna,35,35,42,069,"210,433",565,"18,883","1,082",9%,0.5%,"43,104",37,"1,875",331,4.3%,0.8%,"130,621",167,"16,891",939,12.9%,0.7%,"36,708",534,117,84,0.3%,0.2%,"20,477",445,"3,150",368,15.4%,1.8%,"101,396",273,"10,611",686,10.5%,0.7%,"109,037",370,"8,272",558,7.6%,0.5%,"207,812",714,"18,650","1,083",9%,0.5%,"195,770",618,"16,606","1,004",8.5%,0.5%,"5,979",416,963,275,16.1%,4.4%,301,68,6,11,2%,3.5%,"4,182",274,748,220,17.9%,5%,52,58,15,24,28.8%,24.7%,"1,528",417,312,139,20.4%,7.8%,"2,621",465,233,135,8.9%,4.7%,"186,512",526,"14,268",885,7.6%,0.5%,"11,758",90,"2,952",431,25.1%,3.6%,"205,600",751,"18,685","1,059",9.1%,0.5%,"39,808","1,965","5,146",683,12.9%,1.4%,"51,236","2,031","6,828",708,13.3%,1.2%,"39,950","1,995","3,336",590,8.4%,1.4%,"28,146","1,807","1,626",358,5.8%,1.2%,"46,460","2,049","1,749",377,3.8%,0.8%,"205,974",732,"18,707","1,070",9.1%,0.5%,"44,906","1,941","7,605",706,16.9%,1.3%,"26,720","1,549","3,358",498,12.6%,1.6%,"134,348","2,064","7,744",760,5.8%,0.6%,"(41.4391006428, -75.6121834524)"
Lancaster,36,36,42,071,"519,889",856,"68,374","2,551",13.2%,0.5%,"128,616",34,"18,927","1,239",14.7%,1%,"313,151",637,"47,743","1,800",15.2%,0.6%,"78,122",528,"1,704",288,2.2%,0.4%,"49,964",838,"10,780",682,21.6%,1.3%,"254,255",589,"35,705","1,530",14%,0.6%,"265,634",490,"32,669","1,336",12.3%,0.5%,"509,915","1,317","67,375","2,518",13.2%,0.5%,"462,633","1,614","59,857","2,356",12.9%,0.5%,"20,010",936,"2,347",387,11.7%,1.8%,916,248,210,129,22.9%,12%,"10,656",320,"1,425",314,13.4%,2.9%,29,27,18,21,62.1%,50.2%,"15,671","1,473","3,518",650,22.4%,3.7%,"9,974","1,024",999,273,10%,2.5%,"436,606",616,"55,916","2,301",12.8%,0.5%,"48,246",287,"8,478",828,17.6%,1.7%,"512,421","1,113","67,800","2,546",13.2%,0.5%,"65,356","2,489","12,416","1,044",19%,1.3%,"112,287","3,816","19,867","1,484",17.7%,1%,"112,713","3,750","14,418","1,381",12.8%,1.1%,"84,360","3,094","7,394","1,064",8.8%,1.2%,"137,705","4,046","13,705","1,568",10%,1%,"512,011","1,115","67,895","2,544",13.3%,0.5%,"87,168","3,566","21,954","1,546",25.2%,1.4%,"60,198","2,732","12,519","1,373",20.8%,2.1%,"364,645","4,278","33,422","2,361",9.2%,0.6%,"(40.0459079619, -76.2513876838)"
Lawrence,37,37,42,073,"88,781",257,"8,013",636,9%,0.7%,"18,664",66,856,208,4.6%,1.1%,"53,464",145,"7,058",532,13.2%,1%,"16,653",223,99,59,0.6%,0.4%,"6,994",241,"1,323",185,18.9%,2.6%,"42,954",162,"4,094",418,9.5%,1%,"45,827",238,"3,919",336,8.6%,0.7%,"87,295",419,"7,890",638,9%,0.7%,"82,997",284,"7,419",617,8.9%,0.7%,"3,495",280,399,162,11.4%,4.7%,62,80,0,24,0%,31.9%,302,78,1,5,0.3%,1.5%,8,10,0,24,0%,92%,431,157,71,45,16.5%,10.5%,"1,486",276,123,64,8.3%,3.9%,"82,361",256,"7,331",620,8.9%,0.8%,965,37,161,51,16.7%,5.2%,"87,422",350,"7,960",630,9.1%,0.7%,"18,729",977,"2,671",368,14.3%,1.8%,"21,418",996,"2,732",380,12.8%,1.6%,"18,503","1,127","1,494",312,8.1%,1.6%,"12,169","1,019",502,156,4.1%,1.2%,"16,603","1,053",561,174,3.4%,1%,"87,449",360,"7,974",634,9.1%,0.7%,"19,381","1,038","3,362",383,17.3%,1.9%,"11,107",980,"1,408",320,12.7%,2.6%,"56,961","1,137","3,204",403,5.6%,0.7%,"(40.9932503514, -80.3375411446)"
Lebanon,38,38,42,075,"133,422",310,"15,062","1,268",11.3%,1%,"30,976",50,"3,118",518,10.1%,1.7%,"79,817",193,"11,788",898,14.8%,1.1%,"22,629",278,156,74,0.7%,0.3%,"11,211",281,"2,707",319,24.1%,2.7%,"65,228",229,"8,418",746,12.9%,1.1%,"68,194",298,"6,644",636,9.7%,0.9%,"130,241",620,"14,781","1,249",11.3%,1%,"118,084",804,"12,593","1,134",10.7%,1%,"2,495",272,536,134,21.5%,5.4%,168,86,54,50,32.1%,30.1%,"1,429",175,152,82,10.6%,5.7%,0,24,0,24,,,"8,065",787,"1,446",430,17.9%,4.8%,"3,181",507,281,114,8.8%,3.1%,"113,826",377,"11,995","1,140",10.5%,1%,"14,032",54,"2,262",410,16.1%,2.9%,"131,651",402,"14,939","1,259",11.3%,1%,"17,155","1,149","2,371",486,13.8%,2.8%,"29,227","1,448","4,547",675,15.6%,2%,"31,341","1,767","3,174",537,10.1%,1.5%,"22,476","1,531","2,350",575,10.5%,2.3%,"31,452","1,700","2,497",569,7.9%,1.8%,"131,698",425,"14,962","1,266",11.4%,1%,"22,596","1,484","4,429",796,19.6%,3%,"15,115","1,275","2,590",525,17.1%,3.1%,"93,987","1,734","7,943",960,8.5%,1%,"(40.3675970024, -76.4618257486)"
Lehigh,39,39,42,077,"349,844",525,"37,597","1,816",10.7%,0.5%,"81,800",50,"4,133",622,5.1%,0.8%,"216,525",240,"33,223","1,502",15.3%,0.7%,"51,519",438,241,122,0.5%,0.2%,"30,989",507,"6,820",639,22%,2%,"170,050",320,"20,794","1,171",12.2%,0.7%,"179,794",352,"16,803","1,020",9.3%,0.6%,"339,608","1,170","36,330","1,804",10.7%,0.5%,"279,501","2,124","24,774","1,454",8.9%,0.5%,"22,434","1,325","3,616",478,16.1%,2%,787,194,137,75,17.4%,9.3%,"10,926",322,"1,113",280,10.2%,2.5%,9,14,0,24,0%,86.7%,"25,951","2,099","6,690","1,097",25.8%,3.4%,"10,236",990,"1,267",346,12.4%,3.2%,"243,080",612,"18,369","1,220",7.6%,0.5%,"71,234",143,"14,525","1,207",20.4%,1.7%,"345,288",779,"37,393","1,816",10.8%,0.5%,"56,235","2,638","9,605","1,038",17.1%,1.5%,"72,240","2,984","12,739","1,306",17.6%,1.5%,"68,335","2,930","7,103","1,014",10.4%,1.4%,"53,500","2,857","4,321",824,8.1%,1.4%,"94,978","2,651","3,625",514,3.8%,0.5%,"345,185",788,"37,443","1,807",10.8%,0.5%,"69,794","3,100","14,923","1,345",21.4%,1.5%,"36,811","2,418","6,499",912,17.7%,1.9%,"238,580","2,892","16,021","1,123",6.7%,0.5%,"(40.6146479416, -75.6009948118)"
Luzerne,40,40,42,079,"312,864",578,"29,440","1,317",9.4%,0.4%,"63,529",36,"2,899",568,4.6%,0.9%,"193,056",468,"26,388","1,176",13.7%,0.6%,"56,279",374,153,86,0.3%,0.2%,"28,827",498,"5,807",530,20.1%,1.8%,"152,265",482,"16,310",898,10.7%,0.6%,"160,599",369,"13,130",793,8.2%,0.5%,"308,065",828,"28,975","1,302",9.4%,0.4%,"286,740","1,166","24,353","1,152",8.5%,0.4%,"9,584",685,"1,748",371,18.2%,3.5%,923,381,230,119,24.9%,11.2%,"3,192",196,474,184,14.8%,5.7%,122,101,0,24,0%,18.4%,"7,504",898,"2,170",479,28.9%,5.7%,"4,799",626,465,135,9.7%,2.8%,"272,798",437,"21,833","1,130",8%,0.4%,"24,945",137,"5,383",687,21.6%,2.7%,"308,033",760,"29,248","1,318",9.5%,0.4%,"64,688","2,213","8,768",741,13.6%,1%,"72,791","2,376","10,205","1,104",14%,1.3%,"61,880","2,508","5,808",736,9.4%,1.2%,"43,111","2,289","2,117",371,4.9%,0.8%,"65,563","2,717","2,350",378,3.6%,0.5%,"308,574",793,"29,354","1,316",9.5%,0.4%,"73,453","2,225","12,637",942,17.2%,1.3%,"37,819","1,769","5,672",741,15%,1.7%,"197,302","2,640","11,045",822,5.6%,0.4%,"(41.1783643884, -75.991996098)"
Lycoming,41,41,42,081,"113,719",365,"11,211",841,9.9%,0.7%,"24,080",28,"1,489",341,6.2%,1.4%,"70,931",313,"9,657",657,13.6%,0.9%,"18,708",261,65,48,0.3%,0.3%,"11,618",302,"2,132",329,18.4%,2.8%,"56,594",162,"6,246",573,11%,1%,"57,125",363,"4,965",469,8.7%,0.8%,"111,706",501,"10,991",836,9.8%,0.7%,"105,283",373,"10,114",793,9.6%,0.7%,"4,975",339,742,270,14.9%,5.4%,139,71,5,9,3.6%,7.6%,687,113,55,52,8%,7.9%,32,34,0,24,0%,46%,590,241,75,75,12.7%,11.9%,"2,013",377,220,91,10.9%,4.1%,"104,332",327,"9,929",768,9.5%,0.7%,"1,748",72,259,107,14.8%,6%,"111,118",506,"11,045",829,9.9%,0.7%,"20,248","1,170","2,746",396,13.6%,1.9%,"29,230","1,420","4,198",539,14.4%,1.6%,"25,706","1,557","2,498",419,9.7%,1.5%,"16,233","1,021",861,219,5.3%,1.3%,"19,701","1,174",742,255,3.8%,1.2%,"111,105",514,"11,051",824,9.9%,0.7%,"24,037","1,239","4,656",679,19.4%,2.5%,"14,840","1,154","1,836",324,12.4%,1.8%,"72,228","1,668","4,559",491,6.3%,0.7%,"(41.3445979226, -77.069424568)"
McKean,42,42,42,083,"40,901",344,"3,666",401,9%,1%,"8,749",87,335,143,3.8%,1.6%,"25,053",334,"3,324",325,13.3%,1.2%,"7,099",116,7,10,0.1%,0.1%,"3,688",162,573,97,15.5%,2.6%,"20,300",293,"1,931",227,9.5%,1.1%,"20,601",146,"1,735",255,8.4%,1.2%,"40,379",240,"3,615",386,9%,0.9%,"39,903",192,"3,563",383,8.9%,1%,132,91,14,31,10.6%,20.2%,75,43,11,25,14.7%,30.4%,205,53,4,6,2%,3%,0,22,0,22,,,64,70,23,29,35.9%,40.8%,522,207,51,48,9.8%,7.3%,"39,625",178,"3,539",384,8.9%,1%,461,162,58,49,12.6%,8.8%,"40,017",375,"3,635",401,9.1%,1%,"8,577",646,"1,042",195,12.1%,2.2%,"11,159",584,"1,432",284,12.8%,2.4%,"9,253",666,549,141,5.9%,1.5%,"5,480",594,337,127,6.1%,2.2%,"5,548",559,275,127,5%,2%,"39,824",385,"3,653",400,9.2%,1%,"9,893",663,"1,441",206,14.6%,2.1%,"5,120",547,865,253,16.9%,4.3%,"24,811",704,"1,347",212,5.4%,0.8%,"(41.810370736, -78.5712201998)"
Mercer,43,43,42,085,"111,967",465,"10,691",784,9.5%,0.7%,"23,565",265,"1,974",373,8.4%,1.6%,"67,470",284,"8,642",561,12.8%,0.8%,"20,932",293,75,37,0.4%,0.2%,"10,383",265,"1,997",295,19.2%,2.8%,"54,001",394,"5,850",497,10.8%,0.9%,"57,966",266,"4,841",428,8.4%,0.7%,"110,196",493,"10,403",761,9.4%,0.7%,"103,540",378,"9,583",750,9.3%,0.7%,"5,326",372,638,206,12%,3.7%,80,44,3,4,3.8%,6%,814,91,177,77,21.7%,9.2%,10,17,0,24,0%,82.3%,426,188,2,5,0.5%,1.3%,"1,771",290,288,130,16.3%,5.9%,"102,702",363,"9,548",750,9.3%,0.7%,"1,232",67,63,39,5.1%,3.1%,"108,543",560,"10,609",788,9.8%,0.7%,"20,324",960,"3,006",438,14.8%,2%,"30,715","1,569","4,392",684,14.3%,2.1%,"22,791","1,270","1,759",303,7.7%,1.2%,"15,615","1,483",741,164,4.7%,1%,"19,098","1,177",711,117,3.7%,0.6%,"108,439",568,"10,553",793,9.7%,0.7%,"24,513","1,133","5,089",636,20.8%,2.4%,"13,799","1,006","1,755",285,12.7%,2%,"70,127","1,239","3,709",345,5.3%,0.5%,"(41.302377765, -80.2600941079)"
Mifflin,44,44,42,087,"46,167",128,"7,130",676,15.4%,1.5%,"10,657",49,"2,032",385,19.1%,3.6%,"26,868",91,"4,980",420,18.5%,1.6%,"8,642",107,118,63,1.4%,0.7%,"3,424",185,876,174,25.6%,4.9%,"22,834",112,"3,678",377,16.1%,1.6%,"23,333",127,"3,452",373,14.8%,1.6%,"45,663",138,"7,064",681,15.5%,1.5%,"45,048",143,"6,902",671,15.3%,1.5%,313,62,38,28,12.1%,8.7%,23,26,3,6,13%,22.7%,206,64,75,78,36.4%,32.1%,7,11,7,11,100%,98.3%,66,49,39,43,59.1%,38%,504,99,66,57,13.1%,10.8%,"44,630",134,"6,840",671,15.3%,1.5%,564,15,101,48,17.9%,8.6%,"46,102",132,"7,124",675,15.5%,1.5%,"9,511",817,"2,158",510,22.7%,4.7%,"14,066",990,"2,341",395,16.6%,2.6%,"10,464",784,"1,105",240,10.6%,2.2%,"6,841",792,792,342,11.6%,4.9%,"5,220",641,728,301,13.9%,5%,"45,876",164,"7,099",676,15.5%,1.5%,"12,286",818,"3,405",653,27.7%,4.7%,"6,625",662,"1,095",247,16.5%,3.4%,"26,965",887,"2,599",462,9.6%,1.7%,"(40.6127492804, -77.6200308901)"
Monroe,45,45,42,089,"167,279",262,"20,334","1,392",12.2%,0.8%,"37,639",77,"1,867",464,5%,1.2%,"106,708",234,"18,237","1,117",17.1%,1%,"22,932",255,230,163,1%,0.7%,"16,572",448,"3,790",486,22.9%,2.9%,"82,536",226,"11,030",861,13.4%,1%,"84,743",261,"9,304",841,11%,1%,"162,914",676,"19,791","1,395",12.1%,0.9%,"132,101","1,100","15,685","1,235",11.9%,0.9%,"22,731",829,"2,683",639,11.8%,2.7%,612,131,342,170,55.9%,22.3%,"3,428",273,550,220,16%,5.9%,85,91,15,23,17.6%,21.1%,"3,957",852,516,230,13%,5.3%,"4,365",613,543,223,12.4%,4.6%,"115,675",300,"13,487","1,009",11.7%,0.9%,"23,293",81,"3,368",674,14.5%,2.9%,"165,331",388,"20,257","1,391",12.3%,0.8%,"23,290","2,166","4,713",963,20.2%,3.6%,"35,046","2,178","5,769",915,16.5%,2.2%,"34,323","2,386","4,406",786,12.8%,2.1%,"25,365","2,172","2,056",529,8.1%,2%,"47,307","2,454","3,313",609,7%,1.3%,"165,030",467,"20,227","1,389",12.3%,0.8%,"31,506","2,489","7,200","1,126",22.9%,3%,"19,916","2,155","3,633",639,18.2%,2.6%,"113,608","2,991","9,394",938,8.3%,0.8%,"(41.0609178653, -75.3408360302)"
Montgomery,46,46,42,091,"796,362","1,024","50,042","1,625",6.3%,0.2%,"180,919",132,"5,840",514,3.2%,0.3%,"494,463",659,"43,658","1,444",8.8%,0.3%,"120,980",733,544,148,0.4%,0.1%,"61,626",818,"7,977",573,12.9%,0.9%,"385,029",759,"27,486","1,103",7.1%,0.3%,"411,333",686,"22,556",969,5.5%,0.2%,"779,774","1,497","48,525","1,597",6.2%,0.2%,"650,659","1,327","34,176","1,524",5.3%,0.2%,"67,065","1,008","6,735",728,10%,1.1%,758,181,108,57,14.2%,8.1%,"54,782",689,"6,340",661,11.6%,1.2%,113,65,10,20,8.8%,14.9%,"6,397",928,"1,156",409,18.1%,4.8%,"16,588","1,086","1,517",336,9.1%,2%,"623,178",824,"26,739","1,325",4.3%,0.2%,"35,902",174,"8,999",890,25.1%,2.5%,"788,336","1,265","49,816","1,632",6.3%,0.2%,"65,374","2,259","9,656",827,14.8%,1.2%,"108,356","3,095","14,006","1,205",12.9%,1%,"120,793","3,955","10,353",967,8.6%,0.7%,"114,436","3,263","6,153",798,5.4%,0.7%,"379,377","4,654","9,648",884,2.5%,0.2%,"789,268","1,296","49,850","1,625",6.3%,0.2%,"78,971","2,583","15,144",962,19.2%,1%,"53,826","2,848","8,180",928,15.2%,1.4%,"656,471","3,262","26,526","1,317",4%,0.2%,"(40.209898739, -75.3725200072)"
Montour,47,47,42,093,"17,899",165,"1,363",273,7.6%,1.5%,"3,732",101,139,48,3.7%,1.3%,"10,960",120,"1,196",266,10.9%,2.4%,"3,207",132,28,23,0.9%,0.7%,"1,281",90,149,81,11.6%,6.4%,"8,719",102,820,187,9.4%,2.2%,"9,180",162,543,137,5.9%,1.5%,"17,753",181,"1,363",273,7.7%,1.5%,"17,051",175,"1,335",271,7.8%,1.6%,178,57,17,26,9.6%,12.9%,11,13,1,3,9.1%,23.5%,477,31,10,13,2.1%,2.6%,0,16,0,16,,,36,38,0,16,0%,43.3%,146,107,0,16,0%,15.7%,"16,791",131,"1,219",215,7.3%,1.3%,355,34,116,129,32.7%,36.3%,"17,757",164,"1,361",273,7.7%,1.5%,"2,634",313,471,178,17.9%,6.3%,"3,864",447,510,207,13.2%,4.7%,"3,624",471,232,78,6.4%,2%,"2,567",413,59,38,2.3%,1.5%,"5,068",447,89,29,1.8%,0.6%,"17,764",218,"1,363",273,7.7%,1.5%,"2,761",385,629,243,22.8%,7.6%,"1,699",276,211,68,12.4%,4.1%,"13,304",454,523,120,3.9%,0.9%,"(41.0280182438, -76.6647052668)"
Northampton,48,48,42,095,"295,996",601,"24,831","1,556",8.4%,0.5%,"63,309",57,"2,318",474,3.7%,0.7%,"185,450",359,"22,321","1,319",12%,0.7%,"47,237",454,192,97,0.4%,0.2%,"28,307",524,"4,334",503,15.3%,1.8%,"144,970",374,"13,683",935,9.4%,0.6%,"151,026",394,"11,148",949,7.4%,0.6%,"287,574","1,078","23,477","1,488",8.2%,0.5%,"255,901","1,248","19,143","1,391",7.5%,0.5%,"15,060",714,"1,912",377,12.7%,2.4%,904,389,199,166,22%,12.8%,"8,021",297,964,310,12%,3.8%,50,46,0,24,0%,36.7%,"7,638","1,062","1,259",348,16.5%,3.8%,"8,422",915,"1,354",318,16.1%,3.4%,"235,402",553,"15,802","1,088",6.7%,0.5%,"33,541",91,"5,836",782,17.4%,2.3%,"288,172",926,"24,483","1,530",8.5%,0.5%,"35,480","1,513","5,559",693,15.7%,1.8%,"54,724","2,178","7,317",755,13.4%,1.2%,"57,154","2,111","5,485",629,9.6%,1%,"45,373","1,977","2,743",527,6%,1.1%,"95,441","2,402","3,379",528,3.5%,0.6%,"288,310",886,"24,551","1,535",8.5%,0.5%,"42,970","1,869","8,346",865,19.4%,1.8%,"31,031","1,827","4,878",718,15.7%,2.1%,"214,309","2,328","11,327","1,006",5.3%,0.5%,"(40.754595404, -75.3126372576)"
Northumberland,49,49,42,097,"89,961",461,"9,725",669,10.8%,0.8%,"18,596",124,"1,417",244,7.6%,1.3%,"54,476",316,"8,211",602,15.1%,1.1%,"16,889",226,97,63,0.6%,0.4%,"6,835",269,"1,810",259,26.5%,3.5%,"43,905",321,"4,981",400,11.3%,0.9%,"46,056",235,"4,744",388,10.3%,0.8%,"89,189",423,"9,679",655,10.9%,0.8%,"87,618",423,"9,378",648,10.7%,0.7%,670,243,108,96,16.1%,11.1%,164,50,77,42,47%,23.2%,268,91,53,47,19.8%,15.3%,60,82,29,35,48.3%,20.3%,409,173,34,51,8.3%,11.7%,772,202,46,56,6%,7.5%,"86,274",311,"9,086",642,10.5%,0.8%,"2,059",138,447,132,21.7%,6.1%,"89,595",470,"9,697",668,10.8%,0.8%,"18,086",911,"3,351",396,18.5%,2.1%,"25,209","1,168","3,264",437,12.9%,1.6%,"19,173","1,133","1,512",315,7.9%,1.5%,"13,446","1,056",886,276,6.6%,2%,"13,681","1,086",684,223,5%,1.6%,"89,494",482,"9,673",655,10.8%,0.7%,"20,784","1,036","4,569",430,22%,2%,"12,734",970,"1,750",322,13.7%,2.4%,"55,976","1,153","3,354",440,6%,0.8%,"(40.8515092572, -76.7118842273)"
Perry,50,50,42,099,"45,289",126,"5,365",407,11.8%,0.9%,"10,271",56,"1,114",205,10.8%,2%,"28,573",69,"4,209",307,14.7%,1.1%,"6,445",106,42,25,0.7%,0.4%,"3,589",125,913,123,25.4%,3.2%,"22,639",118,"2,846",218,12.6%,1%,"22,650",124,"2,519",260,11.1%,1.2%,"44,724",150,"5,238",408,11.7%,0.9%,"44,079",158,"5,150",410,11.7%,0.9%,226,60,7,16,3.1%,6.8%,47,50,3,5,6.4%,12.1%,160,57,32,41,20%,23.1%,2,3,0,22,0%,100%,210,98,46,30,21.9%,16.5%,565,84,127,45,22.5%,7.1%,"43,641",118,"5,055",389,11.6%,0.9%,665,24,141,67,21.2%,10.1%,"45,175",122,"5,319",409,11.8%,0.9%,"5,560",507,"1,218",328,21.9%,5%,"9,842",573,"1,576",244,16%,2.1%,"10,886",684,"1,401",377,12.9%,3.2%,"8,297",712,432,147,5.2%,1.7%,"10,590",776,692,174,6.5%,1.5%,"45,040",173,"5,340",406,11.9%,0.9%,"6,883",566,"1,852",306,26.9%,3.9%,"4,964",531,"1,114",224,22.4%,3.1%,"33,193",666,"2,374",271,7.2%,0.8%,"(40.4041531744, -77.2590738496)"
Philadelphia,51,51,42,101,"1,531,799","1,234","216,348","4,371",14.1%,0.3%,"344,920",226,"16,967","1,269",4.9%,0.4%,"1,004,015",826,"197,584","3,991",19.7%,0.4%,"182,864",713,"1,797",359,1%,0.2%,"198,336","1,943","46,307","1,886",23.3%,0.9%,"721,530",872,"121,993","3,226",16.9%,0.4%,"810,269",730,"94,355","2,455",11.6%,0.3%,"1,491,355","2,622","210,408","4,379",14.1%,0.3%,"637,140","3,739","71,960","2,445",11.3%,0.4%,"657,273","2,720","97,286","2,807",14.8%,0.4%,"5,266",708,932,273,17.7%,5%,"103,210",924,"21,336","1,284",20.7%,1.2%,"1,533",693,71,60,4.6%,4.4%,"86,933","3,757","18,823","1,943",21.7%,1.8%,"40,444","2,430","5,940",642,14.7%,1.6%,"555,022",951,"54,926","2,070",9.9%,0.4%,"199,868",289,"39,310","2,020",19.7%,1%,"1,495,910","2,368","214,418","4,325",14.3%,0.3%,"437,959","7,546","72,325","2,497",16.5%,0.5%,"377,449","7,837","67,444","2,787",17.9%,0.6%,"252,653","5,776","35,691","1,773",14.1%,0.7%,"165,770","5,899","20,580","1,807",12.4%,0.9%,"262,079","6,432","18,378","1,690",7%,0.6%,"1,503,569","2,367","215,372","4,333",14.3%,0.3%,"542,048","7,118","99,381","2,840",18.3%,0.5%,"191,404","4,829","35,627","2,197",18.6%,1%,"770,117","6,479","80,364","2,526",10.4%,0.3%,"(40.0044435384, -75.140236002)"
Pike,52,52,42,103,"56,480",125,"5,845",729,10.3%,1.3%,"12,114",13,382,176,3.2%,1.5%,"33,810",166,"5,385",671,15.9%,2%,"10,556",112,78,84,0.7%,0.8%,"4,281",282,941,229,22%,5.1%,"28,001",172,"3,137",403,11.2%,1.4%,"28,479",122,"2,708",490,9.5%,1.7%,"55,141",362,"5,780",741,10.5%,1.3%,"50,562",404,"4,911",614,9.7%,1.2%,"2,945",267,356,163,12.1%,5.7%,64,48,0,24,0%,31.2%,732,314,399,370,54.5%,33.8%,16,28,0,24,0%,65%,822,305,114,106,13.9%,11.4%,"1,339",344,65,44,4.9%,3.3%,"46,543",105,"4,545",571,9.8%,1.2%,"5,386",32,646,298,12%,5.5%,"56,384",143,"5,822",725,10.3%,1.3%,"6,808",801,"1,197",271,17.6%,3.1%,"11,886","1,206","1,739",392,14.6%,2.8%,"12,091","1,196","1,052",297,8.7%,2.2%,"9,575","1,115",674,228,7%,2.2%,"16,024","1,198","1,160",417,7.2%,2.6%,"56,102",213,"5,793",720,10.3%,1.3%,"8,313",879,"1,972",371,23.7%,3.6%,"6,999",962,999,255,14.3%,3.4%,"40,790","1,208","2,822",479,6.9%,1.2%,"(41.332571995, -75.0327092448)"
Potter,53,53,42,105,"17,225",79,"2,083",196,12.1%,1.1%,"3,805",26,351,101,9.2%,2.7%,"9,937",68,"1,724",141,17.3%,1.4%,"3,483",47,8,8,0.2%,0.2%,"1,214",53,289,64,23.8%,5%,"8,623",76,"1,047",111,12.1%,1.3%,"8,602",64,"1,036",127,12%,1.5%,"17,069",80,"2,056",198,12%,1.2%,"16,891",79,"2,037",201,12.1%,1.2%,54,25,7,9,13%,15.2%,27,13,2,4,7.4%,12.7%,48,13,10,13,20.8%,26.6%,3,4,0,16,0%,100%,46,32,0,16,0%,38.3%,156,30,27,21,17.3%,12.6%,"16,746",74,"2,007",199,12%,1.2%,189,3,30,27,15.9%,14.1%,"17,191",88,"2,083",196,12.1%,1.1%,"3,536",269,634,137,17.9%,3.2%,"4,788",329,716,125,15%,2.3%,"3,825",289,403,88,10.5%,2%,"2,532",263,205,71,8.1%,2.6%,"2,510",260,125,52,5%,2%,"17,144",92,"2,043",194,11.9%,1.1%,"4,045",314,865,155,21.4%,3.4%,"2,522",243,403,90,16%,3.1%,"10,577",355,775,117,7.3%,1%,"(41.7442064382, -77.8987922939)"
Schuylkill,54,54,42,107,"140,430",501,"13,489",755,9.6%,0.5%,"29,029",13,"1,454",344,5%,1.2%,"85,424",391,"11,938",610,14%,0.7%,"25,977",366,97,38,0.4%,0.1%,"10,442",258,"2,248",223,21.5%,2.1%,"69,286",415,"7,213",485,10.4%,0.7%,"71,144",339,"6,276",454,8.8%,0.6%,"138,952",474,"13,325",764,9.6%,0.6%,"135,747",530,"12,611",784,9.3%,0.6%,"1,292",402,301,178,23.3%,9%,97,50,7,8,7.2%,9.6%,809,72,106,102,13.1%,12.7%,23,34,0,24,0%,54.2%,984,290,300,173,30.5%,12.9%,"1,478",286,164,95,11.1%,5.7%,"133,229",411,"12,120",752,9.1%,0.6%,"3,924",141,919,202,23.4%,4.9%,"139,999",508,"13,466",757,9.6%,0.5%,"26,714","1,169","3,809",467,14.3%,1.7%,"35,229","1,513","4,956",558,14.1%,1.4%,"30,820","1,586","2,566",424,8.3%,1.2%,"22,124","1,466","1,283",304,5.8%,1.3%,"25,112","1,468",852,150,3.4%,0.6%,"139,755",548,"13,438",758,9.6%,0.5%,"29,366","1,187","5,753",582,19.6%,2%,"18,817","1,082","2,420",408,12.9%,2%,"91,572","1,303","5,265",485,5.7%,0.5%,"(40.707512431, -76.223323851)"
Snyder,55,55,42,109,"39,590",105,"5,696",515,14.4%,1.3%,"8,746",61,"1,546",360,17.7%,4.1%,"24,586",86,"4,041",286,16.4%,1.2%,"6,258",73,109,43,1.7%,0.7%,"4,245",175,839,143,19.8%,3.4%,"19,607",102,"2,982",258,15.2%,1.3%,"19,983",98,"2,714",366,13.6%,1.8%,"39,259",119,"5,628",507,14.3%,1.3%,"38,439",136,"5,527",504,14.4%,1.3%,313,67,8,14,2.6%,4.4%,25,29,0,22,0%,52%,278,27,76,34,27.3%,11.3%,5,7,5,7,100%,100%,199,106,12,14,6%,7.8%,331,70,68,50,20.5%,13.8%,"37,897",87,"5,462",508,14.4%,1.3%,781,10,81,58,10.4%,7.5%,"37,664",272,"5,612",507,14.9%,1.4%,"5,434",450,899,172,16.5%,2.9%,"10,903",788,"1,918",324,17.6%,2.5%,"9,043",837,"1,444",569,16%,5.5%,"5,475",597,415,134,7.6%,2.2%,"6,809",642,936,225,13.7%,3%,"37,598",278,"5,617",507,14.9%,1.4%,"7,660",603,"2,202",502,28.7%,5.5%,"5,763",585,"1,065",189,18.5%,3.4%,"24,175",753,"2,350",280,9.7%,1.1%,"(40.7711373692, -77.0725596804)"
Somerset,56,56,42,111,"72,613",455,"7,085",514,9.8%,0.7%,"14,444",33,805,186,5.6%,1.3%,"43,924",412,"6,196",431,14.1%,1%,"14,245",170,84,41,0.6%,0.3%,"5,300",181,"1,074",139,20.3%,2.6%,"35,938",364,"3,800",309,10.6%,0.8%,"36,675",185,"3,285",295,9%,0.8%,"72,030",386,"7,009",513,9.7%,0.7%,"71,488",332,"6,974",513,9.8%,0.7%,203,133,21,23,10.3%,11.4%,47,24,0,24,0%,37.9%,215,76,4,6,1.9%,3%,7,12,0,24,0%,98.3%,70,47,10,14,14.3%,16.7%,583,169,76,52,13%,7.9%,"71,085",327,"6,930",514,9.7%,0.7%,518,144,59,50,11.4%,7.7%,"72,336",453,"7,072",514,9.8%,0.7%,"13,471",710,"1,822",227,13.5%,1.6%,"20,238","1,042","2,402",370,11.9%,1.6%,"15,929",792,"1,351",280,8.5%,1.6%,"10,591",792,720,182,6.8%,1.5%,"12,107",824,777,215,6.4%,1.7%,"72,457",470,"7,067",513,9.8%,0.7%,"14,798",881,"2,368",292,16%,1.8%,"10,528",834,"1,581",287,15%,2.2%,"47,131",950,"3,118",331,6.6%,0.7%,"(39.9714629901, -79.0310020611)"
Sullivan,57,57,42,113,"6,224",118,597,98,9.6%,1.6%,892,47,25,14,2.8%,1.6%,"3,775",89,572,95,15.2%,2.4%,"1,557",63,0,15,0%,1.6%,537,107,113,64,21%,9.2%,"3,189",86,365,74,11.4%,2.3%,"3,035",79,232,44,7.6%,1.5%,"6,161",129,597,98,9.7%,1.6%,"5,895",124,541,79,9.2%,1.3%,165,101,53,50,32.1%,23.9%,20,23,0,15,0%,58.2%,36,22,0,15,0%,43.3%,33,45,0,15,0%,45.3%,12,12,3,4,25%,23.5%,63,49,0,15,0%,31.6%,"5,834",119,532,76,9.1%,1.3%,78,36,9,17,11.5%,21.4%,"5,956",150,527,77,8.8%,1.3%,967,116,109,38,11.3%,3.4%,"1,886",191,208,51,11%,2.5%,"1,269",177,75,27,5.9%,2%,877,178,80,32,9.1%,3.3%,957,160,55,34,5.7%,3.4%,"6,220",118,597,98,9.6%,1.6%,"1,405",170,213,66,15.2%,4.1%,911,149,112,33,12.3%,3.6%,"3,904",182,272,60,7%,1.5%,"(41.4480993958, -76.5147922046)"
Susquehanna,58,58,42,115,"42,355",151,"5,076",361,12%,0.9%,"8,672",9,547,128,6.3%,1.5%,"25,834",68,"4,507",312,17.4%,1.2%,"7,849",128,22,14,0.3%,0.2%,"2,899",93,755,114,26%,3.7%,"21,358",76,"2,833",253,13.3%,1.2%,"20,997",136,"2,243",166,10.7%,0.8%,"42,033",170,"5,027",360,12%,0.9%,"41,537",146,"4,921",349,11.8%,0.8%,191,50,16,16,8.4%,8.1%,108,38,39,26,36.1%,23.4%,100,26,10,13,10%,13.1%,0,22,0,22,,,97,57,41,40,42.3%,25.5%,322,70,49,22,15.2%,7%,"41,015",134,"4,790",345,11.7%,0.8%,657,21,172,49,26.2%,7.5%,"42,325",147,"5,076",361,12%,0.9%,"7,000",460,"1,188",154,17%,1.9%,"10,529",521,"1,752",210,16.6%,1.8%,"9,936",522,"1,099",155,11.1%,1.5%,"6,356",515,498,126,7.8%,1.9%,"8,504",476,539,168,6.3%,2%,"42,207",151,"5,062",358,12%,0.8%,"8,878",559,"1,832",202,20.6%,2%,"5,538",422,967,152,17.5%,2.6%,"27,791",547,"2,263",271,8.1%,1%,"(41.8205685982, -75.8025030296)"
Tioga,59,59,42,117,"41,923",123,"4,761",316,11.4%,0.8%,"8,572",76,511,109,6%,1.3%,"25,659",106,"4,220",253,16.4%,1%,"7,692",110,30,22,0.4%,0.3%,"4,129",248,833,116,20.2%,2.8%,"20,745",105,"2,473",205,11.9%,1%,"21,178",114,"2,288",207,10.8%,1%,"41,337",167,"4,683",315,11.3%,0.8%,"40,860",122,"4,596",317,11.2%,0.8%,187,87,8,11,4.3%,6.2%,72,35,16,17,22.2%,24.6%,198,35,50,31,25.3%,16.7%,5,8,5,8,100%,100%,15,11,8,8,53.3%,46.8%,586,107,78,41,13.3%,6.6%,"40,464",125,"4,503",313,11.1%,0.8%,503,25,122,41,24.3%,8%,"40,789",338,"4,650",310,11.4%,0.7%,"7,726",492,"1,297",165,16.8%,1.8%,"10,929",625,"1,544",192,14.1%,1.7%,"9,110",536,776,120,8.5%,1.3%,"6,036",548,550,122,9.1%,1.8%,"6,988",567,483,122,6.9%,1.7%,"40,803",320,"4,637",308,11.4%,0.7%,"9,286",594,"1,772",197,19.1%,2.2%,"5,534",421,748,109,13.5%,1.9%,"25,983",713,"2,117",214,8.1%,0.8%,"(41.7733383358, -77.2578807579)"
Union,60,60,42,119,"39,458",442,"4,549",514,11.5%,1.3%,"8,125",77,"1,015",223,12.5%,2.8%,"24,893",387,"3,407",363,13.7%,1.4%,"6,440",161,127,83,2%,1.3%,"5,252",278,685,194,13%,3.5%,"19,465",372,"2,581",348,13.3%,1.8%,"19,993",306,"1,968",260,9.8%,1.3%,"38,983",422,"4,527",520,11.6%,1.3%,"37,540",325,"4,399",499,11.7%,1.3%,834,270,105,105,12.6%,11.5%,23,26,0,22,0%,54.2%,494,109,5,8,1%,1.6%,0,22,0,22,,,92,72,18,30,19.6%,21.1%,475,161,22,29,4.6%,5.9%,"36,649",241,"4,220",470,11.5%,1.3%,"1,015",209,179,142,17.6%,13.9%,"35,581",717,"4,499",514,12.6%,1.4%,"5,586",575,858,207,15.4%,3.5%,"9,789",926,"1,584",344,16.2%,3.2%,"8,021",830,833,243,10.4%,2.7%,"4,489",654,510,254,11.4%,5.2%,"7,696",813,714,214,9.3%,2.6%,"35,709",709,"4,508",514,12.6%,1.4%,"6,959",769,"1,514",298,21.8%,4.4%,"4,680",724,962,325,20.6%,6%,"24,070","1,081","2,032",324,8.4%,1.3%,"(40.9647313096, -77.0641580308)"
Venango,61,61,42,121,"53,495",197,"5,122",470,9.6%,0.9%,"11,150",92,448,163,4%,1.5%,"32,447",100,"4,655",424,14.3%,1.3%,"9,898",123,19,20,0.2%,0.2%,"3,769",135,905,122,24%,3%,"26,210",116,"2,857",283,10.9%,1.1%,"27,285",136,"2,265",251,8.3%,0.9%,"52,566",220,"4,999",466,9.5%,0.9%,"51,965",199,"4,880",469,9.4%,0.9%,269,79,64,37,23.8%,11.3%,40,22,10,9,25%,20.6%,214,37,38,26,17.8%,12%,1,3,1,3,100%,100%,77,61,6,10,7.8%,16.3%,929,133,123,56,13.2%,5.4%,"51,653",180,"4,816",458,9.3%,0.9%,508,26,83,49,16.3%,9.4%,"52,976",248,"5,111",469,9.6%,0.9%,"11,197",703,"1,575",292,14.1%,2.3%,"13,943",778,"1,694",257,12.1%,1.7%,"12,770",730,957,171,7.5%,1.3%,"7,748",644,392,104,5.1%,1.3%,"7,318",600,493,188,6.7%,2.4%,"53,100",215,"5,080",479,9.6%,0.9%,"12,129",688,"1,942",316,16%,2.4%,"7,286",578,868,169,11.9%,2.3%,"33,685",681,"2,270",278,6.7%,0.8%,"(41.4034125863, -79.7628656104)"
Warren,62,62,42,123,"40,496",142,"3,769",364,9.3%,0.9%,"8,277",51,580,193,7%,2.3%,"24,419",109,"3,185",245,13%,1%,"7,800",109,4,6,0.1%,0.1%,"2,740",123,584,111,21.3%,4%,"20,230",142,"2,012",187,9.9%,0.9%,"20,266",99,"1,757",228,8.7%,1.1%,"40,173",137,"3,738",363,9.3%,0.9%,"39,727",141,"3,633",376,9.1%,0.9%,134,62,9,11,6.7%,8.4%,108,48,41,39,38%,26.9%,167,42,55,46,32.9%,23.4%,0,22,0,22,,,37,29,0,22,0%,42.8%,323,69,31,22,9.6%,6.2%,"39,564",122,"3,610",371,9.1%,0.9%,302,64,57,46,18.9%,13.2%,"40,442",153,"3,766",364,9.3%,0.9%,"7,573",566,"1,369",257,18.1%,2.9%,"11,225",614,"1,125",203,10%,1.7%,"8,173",544,736,238,9%,2.7%,"6,376",571,264,97,4.1%,1.4%,"7,095",447,272,78,3.8%,1.1%,"40,211",188,"3,723",356,9.3%,0.9%,"8,140",575,"1,721",297,21.1%,3.1%,"5,756",523,618,148,10.7%,2.4%,"26,315",679,"1,384",202,5.3%,0.7%,"(41.8167523652, -79.278581578)"
Washington,63,63,42,125,"206,424",349,"15,404",892,7.5%,0.4%,"41,828",16,"1,054",238,2.5%,0.6%,"127,978",157,"14,221",825,11.1%,0.6%,"36,618",309,129,80,0.4%,0.2%,"17,891",404,"2,841",325,15.9%,1.9%,"100,831",156,"8,564",611,8.5%,0.6%,"105,593",294,"6,840",506,6.5%,0.5%,"202,876",485,"15,061",851,7.4%,0.4%,"194,268",408,"13,775",783,7.1%,0.4%,"6,424",370,889,215,13.8%,3.4%,82,56,0,24,0%,25.8%,"1,654",194,250,145,15.1%,8%,0,24,0,24,,,448,170,147,114,32.8%,20.1%,"3,548",379,343,137,9.7%,4%,"192,301",339,"13,390",763,7%,0.4%,"2,710",35,656,181,24.2%,6.7%,"202,851",609,"15,171",891,7.5%,0.4%,"30,230","1,280","4,211",429,13.9%,1.2%,"40,915","1,860","4,637",520,11.3%,1.2%,"40,215","1,890","3,023",393,7.5%,0.9%,"31,632","1,797","1,516",287,4.8%,0.9%,"59,859","1,943","1,784",289,3%,0.5%,"203,160",627,"15,314",889,7.5%,0.4%,"33,055","1,349","5,619",484,17%,1.3%,"20,352","1,466","2,525",397,12.4%,1.7%,"149,753","1,972","7,170",563,4.8%,0.4%,"(40.1910966345, -80.2518008276)"
Wayne,64,64,42,127,"48,448",506,"5,016",575,10.4%,1.2%,"9,491",12,489,173,5.2%,1.8%,"29,157",471,"4,492",471,15.4%,1.6%,"9,800",165,35,50,0.4%,0.5%,"3,364",175,608,136,18.1%,3.8%,"24,300",508,"2,915",353,12%,1.4%,"24,148",155,"2,101",295,8.7%,1.2%,"48,044",498,"4,977",573,10.4%,1.2%,"46,975",451,"4,822",566,10.3%,1.2%,645,180,72,92,11.2%,13.6%,53,26,13,10,24.5%,24.1%,247,57,31,36,12.6%,14.9%,10,21,0,24,0%,82.3%,114,83,39,36,34.2%,20.3%,404,91,39,27,9.7%,6.2%,"45,776",389,"4,678",558,10.2%,1.2%,"1,461",177,182,107,12.5%,6.5%,"48,112",528,"4,965",571,10.3%,1.2%,"8,095",712,"1,254",284,15.5%,3.2%,"11,785",793,"1,475",298,12.5%,2.5%,"11,211",862,"1,348",325,12%,2.5%,"7,688",648,506,136,6.6%,1.6%,"9,333",671,382,117,4.1%,1.3%,"48,204",518,"5,010",575,10.4%,1.2%,"9,600",762,"1,589",291,16.6%,2.9%,"6,031",701,855,214,14.2%,3.2%,"32,573",815,"2,566",384,7.9%,1.2%,"(41.6496980525, -75.3051535022)"
Westmoreland,65,65,42,129,"358,183",823,"24,425","1,292",6.8%,0.4%,"69,782",69,"1,768",417,2.5%,0.6%,"219,094",690,"22,577","1,123",10.3%,0.5%,"69,307",330,80,48,0.1%,0.1%,"26,614",447,"4,173",426,15.7%,1.6%,"173,895",710,"13,284",834,7.6%,0.5%,"184,288",326,"11,141",803,6%,0.4%,"353,400",963,"24,020","1,285",6.8%,0.4%,"341,601",666,"22,657","1,219",6.6%,0.4%,"7,656",504,885,217,11.6%,2.6%,418,170,88,117,21.1%,23%,"3,180",136,262,132,8.2%,4.1%,28,31,4,7,14.3%,34.2%,517,174,124,70,24%,10.3%,"4,783",516,405,107,8.5%,2.3%,"339,253",633,"22,449","1,208",6.6%,0.4%,"3,473",83,458,140,13.2%,4%,"353,993",929,"24,073","1,290",6.8%,0.4%,"57,133","2,167","6,288",501,11%,0.8%,"77,770","2,150","8,349",797,10.7%,0.9%,"71,020","2,917","4,613",558,6.5%,0.7%,"52,664","2,084","2,122",299,4%,0.5%,"95,406","2,489","2,701",567,2.8%,0.6%,"354,541",921,"24,269","1,289",6.8%,0.4%,"59,337","2,612","8,261",724,13.9%,1.1%,"39,418","1,779","4,562",575,11.6%,1.2%,"255,786","2,548","11,446",947,4.5%,0.4%,"(40.3103149985, -79.471341176)"
Wyoming,66,66,42,131,"27,912",150,"2,592",223,9.3%,0.8%,"5,844",66,229,70,3.9%,1.2%,"17,362",80,"2,355",206,13.6%,1.2%,"4,706",149,8,9,0.2%,0.2%,"2,501",110,440,79,17.6%,3.3%,"14,035",97,"1,454",148,10.4%,1.1%,"13,877",119,"1,138",150,8.2%,1.1%,"27,594",146,"2,558",225,9.3%,0.8%,"27,260",153,"2,447",226,9%,0.8%,111,53,8,13,7.2%,13.1%,10,9,2,3,20%,32.4%,133,37,62,45,46.6%,37.1%,0,19,0,19,,,80,42,39,25,48.8%,18.6%,318,54,34,24,10.7%,7.2%,"26,892",142,"2,395",221,8.9%,0.8%,457,28,85,41,18.6%,8.6%,"27,470",247,"2,573",224,9.4%,0.8%,"4,043",376,556,96,13.8%,2.2%,"6,931",563,895,144,12.9%,2%,"5,659",468,454,129,8%,2.2%,"4,487",396,234,79,5.2%,1.6%,"6,350",503,434,140,6.8%,2.1%,"27,516",219,"2,581",225,9.4%,0.8%,"5,204",469,779,116,15%,2.2%,"3,564",392,548,152,15.4%,3.5%,"18,748",519,"1,254",215,6.7%,1.1%,"(41.5189248803, -76.0181300338)"
York,67,67,42,133,"433,218",446,"37,780","1,742",8.7%,0.4%,"100,032",76,"3,775",565,3.8%,0.6%,"269,576",339,"33,897","1,461",12.6%,0.5%,"63,610",278,108,63,0.2%,0.1%,"36,453",632,"7,349",588,20.2%,1.6%,"213,356",336,"20,879","1,245",9.8%,0.6%,"219,862",275,"16,901",808,7.7%,0.4%,"423,248",921,"37,036","1,715",8.8%,0.4%,"385,267","1,045","30,641","1,559",8%,0.4%,"23,091",848,"3,258",494,14.1%,2.1%,345,123,19,21,5.5%,5.9%,"5,919",248,"1,106",353,18.7%,5.9%,64,57,8,13,12.5%,22%,"8,562","1,071","2,004",397,23.4%,4%,"9,970",806,744,192,7.5%,1.9%,"370,994",431,"28,061","1,439",7.6%,0.4%,"26,183",131,"5,244",697,20%,2.6%,"429,165",738,"37,393","1,757",8.7%,0.4%,"54,861","2,157","8,945",840,16.3%,1.4%,"89,109","3,057","12,101","1,013",13.6%,1%,"90,124","3,073","7,844","1,047",8.7%,1.1%,"71,954","2,733","4,251",586,5.9%,0.8%,"123,117","2,920","4,252",632,3.5%,0.5%,"428,721",806,"37,444","1,736",8.7%,0.4%,"67,539","2,756","13,553",923,20.1%,1.2%,"44,281","2,395","6,662",973,15%,2%,"316,901","3,026","17,229","1,296",5.4%,0.4%,"(39.9219253124, -76.7257605231)"
